,Idade,Salario_anual,Tempo_trabalho,Total_emprest,Tx_juros,Possib_inadimp,Renda_pecentual,Periodo,Situacao_prop_Mortgage,Situacao_prop_Other,Situacao_prop_Own,Situacao_prop_Rent,Motivo_emprest_Debtconsolidation,Motivo_emprest_Education,Motivo_emprest_Homeimprovement,Motivo_emprest_Medical,Motivo_emprest_Personal,Motivo_emprest_Venture,Pont_emprest_A,Pont_emprest_B,Pont_emprest_C,Pont_emprest_D,Pont_emprest_E,Pont_emprest_F,Pont_emprest_G,Inadimplente
0,31.0,19968.0,1.0,2500.0,9.62,1.0,0.13,6,0,0,0,1,0,1,0,0,0,0,0,1,0,0,0,0,0,0
1,29.0,42000.0,4.0,1600.0,19.16,0.0,0.04,6,0,0,0,1,0,0,0,0,0,1,0,0,0,0,0,0,1,1
2,21.0,45000.0,3.0,7200.0,9.38,0.0,0.16,4,0,0,0,1,0,0,0,0,1,0,1,0,0,0,0,0,0,0
3,22.0,72000.0,1.0,15000.0,10.25,0.0,0.21,4,0,0,1,0,0,0,0,0,0,1,0,1,0,0,0,0,0,0
4,24.0,81600.0,5.0,8000.0,12.84,0.0,0.1,2,0,0,0,1,0,0,0,0,0,1,0,0,1,0,0,0,0,1
5,23.0,20000.0,6.0,4000.0,12.23,0.0,0.2,2,0,0,0,1,0,0,0,0,1,0,0,0,1,0,0,0,0,1
6,23.0,37460.0,2.0,7125.0,13.99,0.0,0.19,4,1,0,0,0,0,1,0,0,0,0,0,0,1,0,0,0,0,0
7,38.0,40000.0,19.0,12000.0,10.59,0.0,0.3,11,0,0,0,1,0,0,0,0,0,1,0,1,0,0,0,0,0,0
8,26.0,48000.0,10.0,10000.0,7.74,0.0,0.21,2,1,0,0,0,0,1,0,0,0,0,1,0,0,0,0,0,0,0
9,22.0,110000.0,6.0,6400.0,9.32,0.0,0.06,4,0,0,0,1,0,0,0,1,0,0,1,0,0,0,0,0,0,0
10,30.0,50000.0,3.0,10000.0,13.22,0.0,0.2,7,0,0,0,1,0,0,0,0,1,0,0,0,1,0,0,0,0,0
11,25.0,110000.0,5.0,1200.0,13.49,0.0,0.01,4,1,0,0,0,0,0,0,0,0,1,0,0,1,0,0,0,0,0
12,49.0,70872.0,4.0,15000.0,14.84,1.0,0.21,11,1,0,0,0,1,0,0,0,0,0,0,0,0,1,0,0,0,0
13,41.0,24000.0,24.0,2000.0,7.75,1.0,0.08,17,0,0,0,1,0,0,0,0,1,0,1,0,0,0,0,0,0,0
14,49.0,23004.0,6.0,3250.0,15.21,0.0,0.14,12,0,0,0,1,0,0,0,0,1,0,0,0,0,1,0,0,0,0
15,27.0,38250.0,1.0,5000.0,7.51,0.0,0.13,5,0,0,0,1,0,0,0,1,0,0,1,0,0,0,0,0,0,0
16,25.0,46000.0,4.0,2125.0,12.99,0.0,0.05,2,1,0,0,0,0,1,0,0,0,0,0,0,1,0,0,0,0,1
17,30.0,41604.0,7.0,15000.0,10.0,0.0,0.36,9,1,0,0,0,0,0,0,0,0,1,0,1,0,0,0,0,0,0
18,24.0,36500.0,3.0,2500.0,10.37,0.0,0.07,3,1,0,0,0,0,1,0,0,0,0,0,1,0,0,0,0,0,0
19,36.0,45344.0,11.0,16750.0,7.88,0.0,0.37,13,1,0,0,0,0,1,0,0,0,0,1,0,0,0,0,0,0,0
20,56.0,90000.0,0.0,7200.0,6.17,0.0,0.08,19,1,0,0,0,0,0,0,0,1,0,1,0,0,0,0,0,0,0
21,33.0,58800.0,10.0,3000.0,11.49,0.0,0.05,9,0,0,0,1,0,0,0,1,0,0,0,1,0,0,0,0,0,0
22,28.0,90000.0,12.0,5000.0,14.79,0.0,0.06,8,1,0,0,0,0,0,1,0,0,0,0,0,1,0,0,0,0,1
23,22.0,19200.0,6.0,1400.0,14.91,1.0,0.07,4,1,0,0,0,0,0,1,0,0,0,0,0,0,1,0,0,0,1
24,23.0,45000.0,2.0,14500.0,10.36,1.0,0.32,4,0,0,0,1,0,0,0,0,0,1,0,1,0,0,0,0,0,0
25,28.0,29496.0,8.0,4500.0,14.11,0.0,0.15,7,0,0,0,1,0,1,0,0,0,0,0,0,0,1,0,0,0,1
26,28.0,40000.0,12.0,15000.0,5.99,0.0,0.38,9,1,0,0,0,0,0,1,0,0,0,1,0,0,0,0,0,0,0
27,31.0,75000.0,4.0,18000.0,8.9,0.0,0.24,6,0,0,0,1,0,0,1,0,0,0,1,0,0,0,0,0,0,0
28,36.0,40000.0,2.0,5000.0,7.88,0.0,0.13,12,0,0,1,0,0,0,0,0,1,0,1,0,0,0,0,0,0,0
29,21.0,32400.0,2.0,10000.0,13.23,1.0,0.31,3,0,0,0,1,0,0,0,0,0,1,0,0,1,0,0,0,0,1
30,35.0,106369.0,2.0,8325.0,6.99,0.0,0.08,10,1,0,0,0,0,0,0,0,0,1,1,0,0,0,0,0,0,0
31,24.0,65450.0,8.0,5000.0,16.77,1.0,0.06,4,1,0,0,0,0,0,0,1,0,0,0,0,0,1,0,0,0,0
32,24.0,38400.0,8.0,10000.0,10.99,0.0,0.26,2,1,0,0,0,0,0,1,0,0,0,0,1,0,0,0,0,0,0
33,26.0,39000.0,2.0,8000.0,6.62,0.0,0.21,2,0,0,0,1,0,1,0,0,0,0,1,0,0,0,0,0,0,0
34,34.0,30000.0,0.0,6000.0,7.29,0.0,0.2,9,0,0,1,0,0,0,0,1,0,0,1,0,0,0,0,0,0,0
35,25.0,42000.0,3.0,18000.0,6.17,1.0,0.43,2,0,0,0,1,0,0,0,0,0,1,1,0,0,0,0,0,0,0
36,31.0,45000.0,12.0,6000.0,9.32,0.0,0.13,9,1,0,0,0,0,0,0,0,1,0,1,0,0,0,0,0,0,0
37,24.0,48000.0,3.0,4800.0,9.99,0.0,0.1,2,1,0,0,0,1,0,0,0,0,0,0,1,0,0,0,0,0,0
38,27.0,75000.0,4.0,20150.0,11.36,0.0,0.27,6,1,0,0,0,0,0,0,0,1,0,0,1,0,0,0,0,0,0
39,23.0,30000.0,3.0,3600.0,5.99,0.0,0.12,2,0,0,0,1,0,0,0,0,1,0,1,0,0,0,0,0,0,0
40,39.0,57000.0,0.0,3000.0,9.63,0.0,0.05,14,1,0,0,0,1,0,0,0,0,0,1,0,0,0,0,0,0,0
41,28.0,110244.0,3.0,18000.0,12.17,0.0,0.16,10,1,0,0,0,0,0,1,0,0,0,0,0,0,1,0,0,0,0
42,26.0,143375.0,10.0,12000.0,7.66,0.0,0.08,3,1,0,0,0,0,0,0,1,0,0,1,0,0,0,0,0,0,0
43,27.0,28800.0,0.0,13000.0,6.92,0.0,0.45,10,0,0,1,0,0,0,1,0,0,0,1,0,0,0,0,0,0,0
44,23.0,62400.0,7.0,7000.0,13.06,0.0,0.11,4,1,0,0,0,0,0,0,1,0,0,0,0,1,0,0,0,0,0
45,31.0,48000.0,11.0,2000.0,10.65,0.0,0.04,6,0,0,0,1,0,0,0,1,0,0,0,1,0,0,0,0,0,0
46,28.0,75000.0,1.0,12000.0,9.63,0.0,0.16,7,0,0,0,1,0,0,1,0,0,0,1,0,0,0,0,0,0,0
47,25.0,67500.0,2.0,7200.0,7.88,0.0,0.11,4,0,0,0,1,0,1,0,0,0,0,1,0,0,0,0,0,0,0
48,43.0,54000.0,0.0,9000.0,15.65,1.0,0.17,16,0,0,0,1,0,0,1,0,0,0,0,0,0,1,0,0,0,1
49,23.0,72324.0,7.0,12000.0,10.99,0.0,0.17,3,0,0,0,1,0,0,0,0,0,1,0,1,0,0,0,0,0,0
50,26.0,38400.0,8.0,9100.0,15.37,0.0,0.24,2,0,0,0,1,0,0,0,0,0,1,0,0,0,1,0,0,0,1
51,26.0,48000.0,11.0,5000.0,7.14,1.0,0.1,2,1,0,0,0,0,0,0,1,0,0,1,0,0,0,0,0,0,0
52,21.0,44000.0,0.0,5500.0,15.28,1.0,0.13,3,0,0,0,1,0,0,0,0,1,0,0,0,0,1,0,0,0,0
53,26.0,22800.0,4.0,5000.0,13.57,0.0,0.22,2,0,0,0,1,0,0,0,0,1,0,0,0,1,0,0,0,0,1
54,24.0,125000.0,6.0,4800.0,6.76,0.0,0.04,3,0,0,0,1,0,0,0,0,1,0,1,0,0,0,0,0,0,0
55,38.0,83000.0,3.0,22250.0,23.22,1.0,0.27,12,0,0,0,1,0,0,1,0,0,0,0,0,0,0,0,0,1,1
56,24.0,26000.0,2.0,6200.0,14.11,1.0,0.24,4,0,0,0,1,0,0,1,0,0,0,0,0,0,1,0,0,0,0
57,26.0,54000.0,3.0,13000.0,17.93,0.0,0.24,2,0,0,0,1,0,0,1,0,0,0,0,0,0,0,1,0,0,1
58,28.0,33600.0,12.0,3000.0,5.42,0.0,0.09,5,1,0,0,0,0,0,0,1,0,0,1,0,0,0,0,0,0,0
59,27.0,144000.0,4.0,21000.0,13.57,0.0,0.15,8,1,0,0,0,1,0,0,0,0,0,0,0,1,0,0,0,0,1
60,44.0,80160.0,13.0,5500.0,13.92,0.0,0.07,13,1,0,0,0,1,0,0,0,0,0,0,0,1,0,0,0,0,1
61,24.0,120000.0,4.0,10000.0,13.61,0.0,0.08,2,0,0,0,1,0,0,1,0,0,0,0,0,1,0,0,0,0,0
62,28.0,65000.0,5.0,4500.0,15.96,0.0,0.07,9,1,0,0,0,0,0,0,1,0,0,0,0,1,0,0,0,0,1
63,36.0,35000.0,1.0,6000.0,11.49,0.0,0.17,13,0,0,1,0,0,0,0,0,0,1,0,1,0,0,0,0,0,0
64,23.0,40000.0,7.0,10000.0,10.36,0.0,0.25,3,0,0,0,1,0,0,0,0,0,1,0,1,0,0,0,0,0,0
65,32.0,40000.0,2.0,7500.0,8.0,0.0,0.19,6,0,0,0,1,0,1,0,0,0,0,1,0,0,0,0,0,0,0
66,23.0,65000.0,7.0,10500.0,6.03,0.0,0.16,4,1,0,0,0,0,1,0,0,0,0,1,0,0,0,0,0,0,0
67,22.0,40000.0,6.0,14000.0,13.11,1.0,0.35,3,0,0,0,1,0,1,0,0,0,0,0,0,1,0,0,0,0,1
68,24.0,84996.0,1.0,6000.0,6.03,0.0,0.07,3,0,0,0,1,0,0,0,1,0,0,1,0,0,0,0,0,0,0
69,22.0,94200.0,6.0,20000.0,8.88,0.0,0.21,2,1,0,0,0,0,0,0,0,1,0,0,1,0,0,0,0,0,0
70,26.0,130000.0,10.0,20000.0,13.11,0.0,0.15,4,0,0,0,1,1,0,0,0,0,0,0,0,1,0,0,0,0,1
71,23.0,59000.0,3.0,10000.0,15.58,1.0,0.17,3,0,0,0,1,0,1,0,0,0,0,0,0,0,1,0,0,0,0
72,29.0,48000.0,1.0,8800.0,8.49,0.0,0.18,9,0,0,0,1,0,0,0,1,0,0,1,0,0,0,0,0,0,0
73,55.0,50000.0,2.0,20000.0,7.51,1.0,0.4,28,0,0,0,1,1,0,0,0,0,0,1,0,0,0,0,0,0,0
74,27.0,62900.0,9.0,7450.0,15.99,1.0,0.1,10,0,0,0,1,0,0,0,1,0,0,0,0,0,1,0,0,0,0
75,31.0,117000.0,5.0,3600.0,6.91,0.0,0.03,5,1,0,0,0,0,0,1,0,0,0,1,0,0,0,0,0,0,0
76,30.0,40000.0,4.0,4500.0,14.26,0.0,0.11,6,0,0,0,1,0,0,0,0,0,1,0,0,1,0,0,0,0,1
77,29.0,59000.0,7.0,15000.0,9.76,1.0,0.25,8,1,0,0,0,1,0,0,0,0,0,0,1,0,0,0,0,0,0
78,37.0,55236.0,9.0,6500.0,6.03,0.0,0.12,16,1,0,0,0,0,0,0,0,0,1,1,0,0,0,0,0,0,0
79,28.0,42000.0,9.0,2500.0,8.49,0.0,0.06,8,0,0,0,1,0,1,0,0,0,0,1,0,0,0,0,0,0,0
80,22.0,96000.0,4.0,3150.0,6.0,0.0,0.03,2,0,0,0,1,0,1,0,0,0,0,0,1,0,0,0,0,0,0
81,25.0,58000.0,2.0,2750.0,12.86,0.0,0.05,4,1,0,0,0,0,0,0,0,1,0,0,0,0,1,0,0,0,1
82,28.0,74000.0,12.0,5450.0,12.67,0.0,0.07,6,0,0,1,0,0,0,0,0,0,1,0,0,0,1,0,0,0,1
83,36.0,31000.0,2.0,2500.0,8.9,0.0,0.08,15,0,0,0,1,0,0,0,0,0,1,1,0,0,0,0,0,0,0
84,38.0,96000.0,0.0,1500.0,14.26,0.0,0.02,14,1,0,0,0,0,0,0,0,1,0,0,0,1,0,0,0,0,0
85,26.0,52000.0,6.0,3300.0,10.99,0.0,0.06,2,1,0,0,0,0,0,0,0,1,0,0,1,0,0,0,0,0,0
86,24.0,32004.0,5.0,14000.0,12.73,0.0,0.44,4,1,0,0,0,0,0,0,0,0,1,0,0,1,0,0,0,0,0
87,24.0,86000.0,0.0,20000.0,10.99,1.0,0.23,4,1,0,0,0,0,0,0,0,1,0,0,1,0,0,0,0,0,0
88,29.0,70000.0,13.0,10000.0,6.99,0.0,0.14,5,1,0,0,0,0,0,0,1,0,0,1,0,0,0,0,0,0,0
89,25.0,35500.0,5.0,4000.0,10.99,0.0,0.11,3,0,0,0,1,0,0,0,1,0,0,0,1,0,0,0,0,0,0
90,22.0,18000.0,0.0,3000.0,13.99,1.0,0.17,4,0,0,0,1,0,0,0,1,0,0,0,0,1,0,0,0,0,1
91,36.0,120000.0,12.0,14500.0,5.42,0.0,0.12,13,1,0,0,0,0,0,1,0,0,0,1,0,0,0,0,0,0,0
92,30.0,43200.0,5.0,4200.0,13.49,0.0,0.1,7,1,0,0,0,0,0,1,0,0,0,0,0,1,0,0,0,0,1
93,26.0,28800.0,4.0,7000.0,5.42,0.0,0.24,4,0,0,0,1,0,0,0,1,0,0,1,0,0,0,0,0,0,0
94,32.0,40277.0,5.0,15000.0,11.71,1.0,0.37,8,0,0,0,1,0,0,0,1,0,0,0,1,0,0,0,0,0,0
95,26.0,85000.0,2.0,28000.0,7.49,1.0,0.33,3,0,0,0,1,0,0,0,0,0,1,1,0,0,0,0,0,0,0
96,23.0,54804.0,4.0,3600.0,16.77,0.0,0.07,4,0,0,0,1,0,1,0,0,0,0,0,0,0,1,0,0,0,1
97,24.0,60000.0,4.0,12500.0,11.49,0.0,0.21,3,0,0,0,1,0,0,0,0,1,0,0,1,0,0,0,0,0,0
98,25.0,80000.0,7.0,6000.0,7.9,0.0,0.07,3,1,0,0,0,0,0,1,0,0,0,1,0,0,0,0,0,0,0
99,24.0,130000.0,7.0,24000.0,11.49,0.0,0.18,3,0,0,0,1,1,0,0,0,0,0,0,1,0,0,0,0,0,0
100,23.0,50000.0,5.0,10000.0,8.94,0.0,0.2,2,0,0,0,1,0,0,0,0,1,0,1,0,0,0,0,0,0,0
101,23.0,30000.0,2.0,6400.0,6.99,0.0,0.21,4,0,0,0,1,0,1,0,0,0,0,1,0,0,0,0,0,0,0
102,34.0,67392.0,0.0,15000.0,13.85,1.0,0.22,5,1,0,0,0,0,0,0,0,1,0,0,0,1,0,0,0,0,1
103,30.0,39552.0,2.0,12375.0,10.37,0.0,0.31,9,1,0,0,0,0,0,0,0,0,1,0,1,0,0,0,0,0,0
104,28.0,108000.0,2.0,20000.0,15.31,1.0,0.19,7,0,0,0,1,0,0,0,0,1,0,0,0,0,1,0,0,0,0
105,31.0,64900.0,2.0,10000.0,7.66,0.0,0.15,5,0,0,0,1,0,0,0,1,0,0,1,0,0,0,0,0,0,0
106,25.0,25200.0,5.0,1200.0,15.99,0.0,0.05,3,0,0,1,0,0,0,1,0,0,0,0,0,0,1,0,0,0,1
107,25.0,56000.0,2.0,3000.0,12.69,0.0,0.05,3,0,0,0,1,0,0,0,0,1,0,0,1,0,0,0,0,0,0
108,26.0,56045.0,1.0,24250.0,14.96,1.0,0.37,2,0,0,0,1,0,0,0,1,0,0,0,0,0,1,0,0,0,0
109,24.0,50000.0,8.0,8000.0,15.96,0.0,0.16,3,0,0,0,1,0,0,0,0,1,0,0,0,1,0,0,0,0,0
110,24.0,70000.0,9.0,7500.0,8.32,0.0,0.11,2,1,0,0,0,0,0,0,1,0,0,1,0,0,0,0,0,0,0
111,30.0,50000.0,4.0,16000.0,16.77,1.0,0.32,5,0,0,0,1,0,0,1,0,0,0,0,0,0,0,1,0,0,0
112,29.0,24000.0,3.0,7200.0,7.51,0.0,0.3,6,0,0,1,0,0,0,0,0,1,0,1,0,0,0,0,0,0,0
113,25.0,61000.0,2.0,15000.0,14.65,0.0,0.25,2,0,0,1,0,0,0,0,0,1,0,0,0,1,0,0,0,0,0
114,26.0,225000.0,1.0,3000.0,9.32,0.0,0.01,4,0,0,0,1,0,1,0,0,0,0,1,0,0,0,0,0,0,0
115,23.0,92000.0,7.0,15000.0,11.26,0.0,0.16,2,1,0,0,0,0,0,0,0,1,0,0,1,0,0,0,0,0,0
116,43.0,43000.0,5.0,15000.0,8.88,0.0,0.35,15,1,0,0,0,0,0,0,0,1,0,0,1,0,0,0,0,0,0
117,23.0,54000.0,7.0,15550.0,11.71,0.0,0.29,4,0,0,0,1,1,0,0,0,0,0,0,1,0,0,0,0,0,0
118,25.0,60000.0,8.0,5000.0,15.57,0.0,0.08,4,0,0,0,1,0,0,1,0,0,0,0,0,0,1,0,0,0,0
119,30.0,72000.0,3.0,12000.0,10.95,0.0,0.17,5,1,0,0,0,0,0,0,0,1,0,0,1,0,0,0,0,0,0
120,25.0,99996.0,3.0,8000.0,8.0,0.0,0.08,2,1,0,0,0,0,0,0,0,0,1,1,0,0,0,0,0,0,0
121,23.0,60000.0,0.0,11200.0,10.78,0.0,0.19,3,0,0,0,1,0,1,0,0,0,0,0,0,1,0,0,0,0,0
122,23.0,31000.0,1.0,1000.0,14.96,1.0,0.03,3,0,0,0,1,0,0,0,0,1,0,0,0,0,1,0,0,0,1
123,23.0,98000.0,0.0,10000.0,16.4,1.0,0.1,2,0,0,0,1,0,1,0,0,0,0,0,0,0,0,1,0,0,0
124,26.0,30000.0,0.0,4000.0,7.14,0.0,0.13,3,1,0,0,0,0,1,0,0,0,0,1,0,0,0,0,0,0,0
125,48.0,57996.0,2.0,7000.0,13.61,0.0,0.12,12,0,0,0,1,0,0,1,0,0,0,0,0,1,0,0,0,0,1
126,27.0,64000.0,3.0,3600.0,7.49,1.0,0.06,5,0,0,0,1,0,0,0,0,1,0,1,0,0,0,0,0,0,0
127,24.0,75000.0,7.0,8500.0,6.99,0.0,0.11,3,1,0,0,0,0,1,0,0,0,0,1,0,0,0,0,0,0,0
128,24.0,29200.0,6.0,2500.0,6.76,0.0,0.09,2,1,0,0,0,0,0,0,0,1,0,1,0,0,0,0,0,0,0
129,30.0,107000.0,0.0,2500.0,10.78,0.0,0.02,6,1,0,0,0,1,0,0,0,0,0,0,0,1,0,0,0,0,1
130,22.0,60000.0,5.0,5600.0,7.49,0.0,0.09,3,1,0,0,0,0,0,0,0,0,1,1,0,0,0,0,0,0,0
131,25.0,78000.0,9.0,8000.0,5.79,0.0,0.1,2,1,0,0,0,0,1,0,0,0,0,1,0,0,0,0,0,0,0
132,23.0,43000.0,3.0,3600.0,15.62,0.0,0.08,3,1,0,0,0,0,0,0,0,0,1,0,0,0,1,0,0,0,0
133,23.0,75000.0,2.0,19600.0,15.13,0.0,0.26,3,1,0,0,0,0,0,0,0,0,1,0,0,0,0,1,0,0,0
134,24.0,49000.0,1.0,20000.0,11.34,1.0,0.41,4,0,1,0,0,0,0,0,0,1,0,0,0,1,0,0,0,0,1
135,29.0,65000.0,5.0,6000.0,10.36,0.0,0.09,7,1,0,0,0,0,0,0,1,0,0,0,1,0,0,0,0,0,0
136,34.0,30000.0,3.0,8875.0,14.27,0.0,0.3,8,0,0,1,0,0,0,1,0,0,0,0,0,1,0,0,0,0,1
137,24.0,75000.0,0.0,7000.0,11.99,0.0,0.09,3,1,0,0,0,0,1,0,0,0,0,0,1,0,0,0,0,0,0
138,24.0,88000.0,0.0,14000.0,9.99,0.0,0.16,3,0,0,0,1,0,0,1,0,0,0,0,1,0,0,0,0,0,0
139,27.0,85000.0,9.0,24000.0,11.71,0.0,0.28,10,1,0,0,0,0,0,0,1,0,0,0,1,0,0,0,0,0,0
140,22.0,33600.0,3.0,10000.0,10.25,0.0,0.3,3,0,0,0,1,0,1,0,0,0,0,0,1,0,0,0,0,0,0
141,26.0,75000.0,2.0,16000.0,13.35,0.0,0.21,2,0,0,0,1,0,0,0,0,1,0,0,0,1,0,0,0,0,1
142,29.0,18000.0,2.0,3000.0,12.69,1.0,0.17,8,0,0,0,1,0,0,1,0,0,0,0,1,0,0,0,0,0,0
143,25.0,31200.0,9.0,15000.0,6.03,0.0,0.48,4,0,0,1,0,0,0,0,0,1,0,1,0,0,0,0,0,0,0
144,27.0,44000.0,6.0,4800.0,7.51,0.0,0.11,10,0,0,0,1,0,0,0,0,0,1,1,0,0,0,0,0,0,0
145,47.0,30000.0,5.0,8000.0,12.18,1.0,0.27,11,0,0,0,1,1,0,0,0,0,0,0,1,0,0,0,0,0,0
146,25.0,52000.0,3.0,7200.0,12.69,0.0,0.14,3,0,0,0,1,0,1,0,0,0,0,0,1,0,0,0,0,0,0
147,26.0,29000.0,0.0,3400.0,15.62,1.0,0.12,4,0,0,0,1,0,0,1,0,0,0,0,0,0,1,0,0,0,1
148,27.0,54000.0,2.0,20000.0,10.99,1.0,0.37,8,0,0,0,1,0,0,0,1,0,0,0,1,0,0,0,0,0,0
149,39.0,88400.0,20.0,25000.0,18.3,1.0,0.24,13,1,0,0,0,0,0,0,1,0,0,0,0,0,0,0,1,0,0
150,22.0,110000.0,3.0,12600.0,10.75,0.0,0.11,2,0,0,0,1,1,0,0,0,0,0,0,1,0,0,0,0,0,0
151,36.0,32000.0,0.0,1200.0,7.14,0.0,0.04,16,0,0,1,0,0,1,0,0,0,0,1,0,0,0,0,0,0,0
152,45.0,100000.0,16.0,16000.0,6.62,0.0,0.16,16,1,0,0,0,0,0,0,0,1,0,1,0,0,0,0,0,0,0
153,24.0,34132.0,0.0,12000.0,10.62,1.0,0.35,3,0,0,0,1,0,1,0,0,0,0,0,1,0,0,0,0,0,0
154,22.0,116000.0,3.0,12000.0,10.25,0.0,0.1,4,1,0,0,0,1,0,0,0,0,0,0,1,0,0,0,0,0,0
155,27.0,95004.0,1.0,15000.0,7.51,0.0,0.16,9,1,0,0,0,0,0,0,0,1,0,1,0,0,0,0,0,0,0
156,27.0,65000.0,0.0,22000.0,14.09,0.0,0.34,6,1,0,0,0,0,0,1,0,0,0,0,0,0,1,0,0,0,1
157,36.0,45000.0,14.0,6000.0,9.99,0.0,0.13,12,0,0,0,1,1,0,0,0,0,0,0,1,0,0,0,0,0,0
158,25.0,26004.0,3.0,10000.0,9.91,0.0,0.38,2,1,0,0,0,0,1,0,0,0,0,0,1,0,0,0,0,0,0
159,30.0,43000.0,1.0,3200.0,8.0,0.0,0.07,5,0,0,0,1,0,0,0,1,0,0,1,0,0,0,0,0,0,0
160,24.0,37000.0,1.0,6000.0,7.66,0.0,0.16,2,0,0,0,1,1,0,0,0,0,0,1,0,0,0,0,0,0,0
161,23.0,39000.0,5.0,8400.0,13.79,1.0,0.22,2,0,0,0,1,0,0,0,0,1,0,0,0,1,0,0,0,0,0
162,27.0,96000.0,3.0,10000.0,7.88,0.0,0.1,10,0,0,0,1,0,0,1,0,0,0,1,0,0,0,0,0,0,0
163,22.0,25000.0,0.0,7500.0,7.51,0.0,0.3,4,0,0,0,1,0,0,0,0,1,0,1,0,0,0,0,0,0,0
164,25.0,42000.0,2.0,3150.0,5.79,0.0,0.07,4,0,0,0,1,0,1,0,0,0,0,1,0,0,0,0,0,0,0
165,34.0,80000.0,4.0,5000.0,6.17,0.0,0.06,8,0,0,0,1,0,1,0,0,0,0,1,0,0,0,0,0,0,0
166,27.0,32500.0,3.0,5000.0,6.62,0.0,0.15,8,0,0,1,0,0,0,0,0,1,0,1,0,0,0,0,0,0,0
167,26.0,62500.0,7.0,12000.0,12.23,0.0,0.19,4,0,0,0,1,0,0,0,1,0,0,0,0,1,0,0,0,0,1
168,28.0,39000.0,6.0,8000.0,14.91,1.0,0.21,7,0,0,0,1,0,0,0,1,0,0,0,0,0,1,0,0,0,1
169,25.0,38000.0,9.0,15000.0,16.45,1.0,0.39,3,0,0,0,1,0,0,0,0,1,0,0,0,0,0,1,0,0,1
170,23.0,62400.0,0.0,12000.0,6.91,0.0,0.19,3,0,0,0,1,0,0,0,0,0,1,1,0,0,0,0,0,0,0
171,25.0,72893.0,9.0,20000.0,13.22,0.0,0.27,2,1,0,0,0,0,0,0,0,1,0,0,0,1,0,0,0,0,0
172,23.0,98000.0,6.0,10000.0,18.07,0.0,0.1,3,0,0,1,0,0,1,0,0,0,0,0,0,0,1,0,0,0,1
173,25.0,69000.0,10.0,15000.0,14.54,1.0,0.22,3,1,0,0,0,1,0,0,0,0,0,0,0,0,1,0,0,0,1
174,24.0,78300.0,2.0,7000.0,6.03,0.0,0.09,3,0,0,0,1,0,0,0,0,0,1,1,0,0,0,0,0,0,0
175,24.0,59400.0,8.0,6000.0,7.9,0.0,0.1,3,0,0,0,1,1,0,0,0,0,0,1,0,0,0,0,0,0,0
176,33.0,59000.0,17.0,9600.0,9.91,0.0,0.16,8,0,0,0,1,0,0,0,1,0,0,0,1,0,0,0,0,0,0
177,38.0,47000.0,5.0,11000.0,8.9,0.0,0.23,16,1,0,0,0,1,0,0,0,0,0,1,0,0,0,0,0,0,0
178,46.0,65000.0,1.0,6000.0,12.69,0.0,0.09,13,0,0,0,1,0,1,0,0,0,0,0,1,0,0,0,0,0,0
179,31.0,40000.0,0.0,15000.0,15.31,0.0,0.38,10,0,0,1,0,0,0,0,1,0,0,0,0,0,1,0,0,0,1
180,31.0,17000.0,3.0,4575.0,11.48,1.0,0.27,7,0,0,0,1,0,0,0,0,0,1,0,1,0,0,0,0,0,0
181,32.0,64052.0,3.0,4875.0,10.74,0.0,0.08,9,0,0,0,1,0,0,1,0,0,0,0,1,0,0,0,0,0,0
182,23.0,75000.0,3.0,23575.0,14.5,1.0,0.31,4,0,0,0,1,0,0,0,0,1,0,0,0,0,0,1,0,0,0
183,22.0,55000.0,6.0,5000.0,6.91,0.0,0.09,2,0,0,0,1,0,1,0,0,0,0,1,0,0,0,0,0,0,0
184,25.0,40000.0,0.0,5925.0,11.11,0.0,0.15,3,0,0,0,1,0,0,0,0,0,1,0,1,0,0,0,0,0,0
185,34.0,39000.0,5.0,7200.0,11.71,1.0,0.18,5,0,0,0,1,0,0,1,0,0,0,0,1,0,0,0,0,0,0
186,27.0,78000.0,4.0,24000.0,10.99,1.0,0.31,10,0,0,0,1,0,0,0,0,1,0,0,1,0,0,0,0,0,0
187,23.0,120000.0,2.0,6000.0,6.76,0.0,0.05,3,1,0,0,0,0,1,0,0,0,0,1,0,0,0,0,0,0,0
188,31.0,48000.0,0.0,1600.0,9.99,0.0,0.03,8,0,0,1,0,0,0,1,0,0,0,0,1,0,0,0,0,0,0
189,23.0,65000.0,3.0,8000.0,7.14,0.0,0.12,4,1,0,0,0,0,1,0,0,0,0,1,0,0,0,0,0,0,0
190,22.0,74500.0,6.0,8000.0,15.96,0.0,0.11,3,1,0,0,0,0,0,0,0,0,1,0,0,1,0,0,0,0,0
191,23.0,72000.0,7.0,10000.0,10.59,0.0,0.14,4,0,0,0,1,0,0,0,0,1,0,0,1,0,0,0,0,0,0
192,21.0,24000.0,5.0,2000.0,11.14,0.0,0.08,4,0,0,0,1,0,1,0,0,0,0,0,1,0,0,0,0,0,0
193,25.0,37000.0,2.0,3325.0,11.49,0.0,0.09,3,0,0,0,1,0,0,0,0,0,1,0,1,0,0,0,0,0,0
194,24.0,60000.0,0.0,15000.0,11.89,0.0,0.25,2,1,0,0,0,0,0,0,0,1,0,0,1,0,0,0,0,0,0
195,23.0,78000.0,5.0,2300.0,17.58,0.0,0.03,2,0,0,0,1,0,1,0,0,0,0,0,0,0,1,0,0,0,1
196,58.0,49000.0,34.0,7500.0,13.55,1.0,0.15,24,1,0,0,0,0,0,0,1,0,0,0,0,0,1,0,0,0,1
197,34.0,18000.0,0.0,1500.0,11.48,1.0,0.08,8,0,0,0,1,1,0,0,0,0,0,0,1,0,0,0,0,0,0
198,31.0,47000.0,6.0,20000.0,13.49,0.0,0.43,5,1,0,0,0,0,0,0,1,0,0,0,0,1,0,0,0,0,0
199,27.0,69000.0,3.0,4000.0,11.49,1.0,0.06,8,1,0,0,0,0,1,0,0,0,0,0,1,0,0,0,0,0,0
200,26.0,51996.0,10.0,1500.0,9.7,0.0,0.03,3,1,0,0,0,0,0,0,0,1,0,0,1,0,0,0,0,0,0
201,24.0,91800.0,0.0,16000.0,14.22,1.0,0.15,4,1,0,0,0,0,0,0,1,0,0,0,0,1,0,0,0,0,0
202,23.0,30000.0,5.0,3000.0,12.18,0.0,0.1,2,0,0,1,0,0,0,0,0,1,0,0,1,0,0,0,0,0,0
203,28.0,39000.0,6.0,5000.0,5.99,1.0,0.13,7,0,0,0,1,1,0,0,0,0,0,1,0,0,0,0,0,0,0
204,21.0,30000.0,2.0,12250.0,14.59,1.0,0.41,3,0,0,0,1,1,0,0,0,0,0,0,0,0,1,0,0,0,1
205,25.0,49244.0,3.0,8000.0,8.0,0.0,0.16,3,0,0,0,1,0,1,0,0,0,0,1,0,0,0,0,0,0,0
206,24.0,50000.0,6.0,4000.0,7.66,0.0,0.08,4,0,0,0,1,0,0,0,0,1,0,1,0,0,0,0,0,0,0
207,36.0,46000.0,3.0,8000.0,5.42,0.0,0.17,15,1,0,0,0,0,0,0,0,0,1,1,0,0,0,0,0,0,0
208,34.0,105000.0,14.0,12000.0,6.99,0.0,0.11,5,1,0,0,0,0,0,0,0,0,1,1,0,0,0,0,0,0,0
209,30.0,108800.0,2.0,15000.0,16.35,1.0,0.12,8,1,0,0,0,0,0,0,1,0,0,0,0,0,0,1,0,0,0
210,24.0,30000.0,2.0,3350.0,14.72,0.0,0.11,2,0,0,0,1,1,0,0,0,0,0,0,0,1,0,0,0,0,1
211,22.0,103000.0,6.0,15000.0,9.63,1.0,0.15,4,1,0,0,0,0,0,0,0,1,0,0,1,0,0,0,0,0,0
212,36.0,40000.0,2.0,11250.0,14.27,0.0,0.28,12,0,0,0,1,0,1,0,0,0,0,0,0,1,0,0,0,0,0
213,31.0,30000.0,5.0,7000.0,11.99,0.0,0.23,8,0,0,0,1,0,0,0,1,0,0,0,1,0,0,0,0,0,0
214,35.0,67000.0,10.0,3300.0,7.88,0.0,0.05,6,1,0,0,0,0,0,0,0,1,0,1,0,0,0,0,0,0,0
215,24.0,134000.0,2.0,25000.0,14.83,1.0,0.19,4,1,0,0,0,1,0,0,0,0,0,0,0,0,1,0,0,0,0
216,24.0,50000.0,7.0,6000.0,13.99,0.0,0.12,4,1,0,0,0,0,0,1,0,0,0,0,0,1,0,0,0,0,1
217,20.0,65000.0,4.0,4800.0,9.99,0.0,0.07,4,1,0,0,0,0,0,0,0,0,1,0,1,0,0,0,0,0,0
218,24.0,110000.0,8.0,27300.0,7.51,0.0,0.25,3,1,0,0,0,0,0,0,0,1,0,1,0,0,0,0,0,0,0
219,28.0,20292.0,3.0,3900.0,12.53,0.0,0.19,9,0,0,0,1,0,0,0,0,0,1,0,1,0,0,0,0,0,0
220,23.0,58000.0,4.0,6400.0,13.48,0.0,0.11,3,0,0,1,0,0,0,0,1,0,0,0,0,1,0,0,0,0,1
221,27.0,129900.0,11.0,3100.0,11.11,0.0,0.02,8,1,0,0,0,0,0,0,1,0,0,0,1,0,0,0,0,0,0
222,24.0,95000.0,8.0,17200.0,17.58,0.0,0.18,3,0,0,0,1,0,0,0,0,1,0,0,0,0,1,0,0,0,0
223,29.0,60000.0,3.0,7200.0,7.88,0.0,0.12,7,1,0,0,0,0,0,0,0,1,0,1,0,0,0,0,0,0,0
224,31.0,39420.0,0.0,2500.0,15.27,0.0,0.06,8,0,0,0,1,0,0,0,1,0,0,0,0,1,0,0,0,0,1
225,35.0,75000.0,5.0,4000.0,14.27,0.0,0.05,5,1,0,0,0,1,0,0,0,0,0,0,0,1,0,0,0,0,1
226,29.0,46000.0,6.0,4000.0,9.99,0.0,0.09,9,0,0,0,1,0,0,0,0,0,1,0,1,0,0,0,0,0,0
227,26.0,39000.0,4.0,5000.0,13.67,1.0,0.13,3,1,0,0,0,1,0,0,0,0,0,0,0,0,1,0,0,0,0
228,27.0,79000.0,4.0,9000.0,6.76,0.0,0.11,10,1,0,0,0,0,0,0,0,1,0,1,0,0,0,0,0,0,0
229,22.0,58900.0,2.0,14900.0,13.57,0.0,0.25,3,0,0,0,1,0,0,0,1,0,0,0,0,1,0,0,0,0,0
230,23.0,100000.0,7.0,15000.0,7.88,0.0,0.15,4,1,0,0,0,0,1,0,0,0,0,1,0,0,0,0,0,0,0
231,25.0,120000.0,2.0,15000.0,7.51,0.0,0.13,2,0,0,0,1,0,0,0,0,1,0,1,0,0,0,0,0,0,0
232,31.0,73000.0,4.0,16000.0,19.41,1.0,0.22,7,1,0,0,0,1,0,0,0,0,0,0,0,0,0,0,1,0,0
233,27.0,54400.0,11.0,11000.0,15.33,1.0,0.17,10,1,0,0,0,0,0,0,1,0,0,0,0,0,1,0,0,0,1
234,23.0,60000.0,3.0,20000.0,12.21,1.0,0.33,2,0,0,0,1,0,1,0,0,0,0,0,1,0,0,0,0,0,0
235,28.0,110000.0,12.0,3500.0,11.49,0.0,0.03,10,1,0,0,0,0,0,1,0,0,0,0,1,0,0,0,0,0,0
236,32.0,70197.0,9.0,4100.0,7.51,0.0,0.06,6,1,0,0,0,1,0,0,0,0,0,1,0,0,0,0,0,0,0
237,30.0,120000.0,5.0,5000.0,10.38,0.0,0.04,9,1,0,0,0,1,0,0,0,0,0,0,1,0,0,0,0,0,0
238,23.0,52000.0,1.0,25000.0,13.22,1.0,0.48,2,0,0,0,1,0,0,0,0,1,0,0,0,1,0,0,0,0,0
239,26.0,47000.0,0.0,3000.0,5.79,0.0,0.06,2,1,0,0,0,0,0,0,0,1,0,1,0,0,0,0,0,0,0
240,28.0,33000.0,0.0,3200.0,14.42,1.0,0.1,6,0,0,0,1,0,0,0,0,0,1,0,0,0,1,0,0,0,1
241,22.0,88000.0,6.0,28000.0,9.91,1.0,0.32,3,0,0,0,1,0,0,0,0,0,1,0,1,0,0,0,0,0,0
242,25.0,45000.0,0.0,7500.0,10.39,0.0,0.17,3,1,0,0,0,0,0,0,0,0,1,0,1,0,0,0,0,0,0
243,25.0,123144.0,2.0,12000.0,10.75,0.0,0.1,2,0,0,0,1,0,0,0,1,0,0,0,1,0,0,0,0,0,0
244,23.0,30000.0,0.0,8400.0,14.65,0.0,0.28,3,0,0,0,1,0,1,0,0,0,0,0,0,1,0,0,0,0,0
245,33.0,32400.0,8.0,11000.0,6.99,1.0,0.34,10,0,0,0,1,0,1,0,0,0,0,1,0,0,0,0,0,0,0
246,24.0,53117.0,1.0,2000.0,13.79,0.0,0.04,2,0,0,0,1,0,0,0,0,1,0,0,0,1,0,0,0,0,0
247,33.0,86000.0,0.0,4700.0,9.63,0.0,0.05,7,0,0,0,1,1,0,0,0,0,0,1,0,0,0,0,0,0,0
248,34.0,39000.0,0.0,7500.0,9.45,1.0,0.19,9,0,0,0,1,1,0,0,0,0,0,0,1,0,0,0,0,0,0
249,30.0,66000.0,15.0,15000.0,11.14,0.0,0.23,8,1,0,0,0,0,0,0,0,0,1,0,1,0,0,0,0,0,0
250,27.0,105000.0,7.0,11000.0,7.49,0.0,0.1,5,1,0,0,0,0,1,0,0,0,0,1,0,0,0,0,0,0,0
251,24.0,9600.0,3.0,1300.0,12.73,1.0,0.14,2,0,0,0,1,0,1,0,0,0,0,0,0,1,0,0,0,0,0
252,25.0,38000.0,9.0,4800.0,11.71,0.0,0.13,4,0,0,0,1,0,0,0,1,0,0,0,1,0,0,0,0,0,0
253,26.0,50000.0,2.0,10000.0,8.49,0.0,0.2,3,0,0,0,1,0,0,0,0,1,0,1,0,0,0,0,0,0,0
254,24.0,59000.0,3.0,6800.0,12.53,1.0,0.12,4,1,0,0,0,1,0,0,0,0,0,0,0,1,0,0,0,0,1
255,31.0,24996.0,0.0,5000.0,12.99,1.0,0.2,8,0,0,0,1,1,0,0,0,0,0,0,0,1,0,0,0,0,0
256,27.0,34000.0,7.0,8000.0,12.53,0.0,0.24,10,0,0,1,0,0,1,0,0,0,0,0,0,1,0,0,0,0,0
257,24.0,30000.0,2.0,1500.0,14.22,0.0,0.05,4,0,0,0,1,1,0,0,0,0,0,0,0,1,0,0,0,0,1
258,31.0,65000.0,2.0,6000.0,11.49,0.0,0.09,6,0,0,0,1,0,1,0,0,0,0,0,1,0,0,0,0,0,0
259,31.0,24000.0,14.0,2000.0,16.29,0.0,0.08,9,0,0,1,0,0,0,0,0,1,0,0,0,0,1,0,0,0,0
260,22.0,65100.0,3.0,6000.0,16.2,0.0,0.09,4,0,0,0,1,0,1,0,0,0,0,0,0,0,0,1,0,0,0
261,30.0,98000.0,14.0,8525.0,10.78,1.0,0.09,9,0,0,0,1,0,0,0,0,1,0,0,0,1,0,0,0,0,0
262,27.0,83000.0,11.0,2500.0,13.99,0.0,0.03,8,1,0,0,0,0,0,0,0,0,1,0,0,1,0,0,0,0,1
263,30.0,72000.0,3.0,14000.0,6.99,0.0,0.19,9,1,0,0,0,0,0,0,1,0,0,1,0,0,0,0,0,0,0
264,32.0,59000.0,1.0,8000.0,14.96,1.0,0.14,10,0,0,0,1,0,0,0,0,1,0,0,0,0,1,0,0,0,1
265,22.0,14400.0,0.0,4400.0,19.91,1.0,0.31,4,0,0,0,1,0,0,1,0,0,0,0,0,0,0,1,0,0,0
266,37.0,36000.0,21.0,8000.0,7.88,0.0,0.22,15,1,0,0,0,0,0,0,0,0,1,1,0,0,0,0,0,0,0
267,21.0,65004.0,5.0,5000.0,9.99,0.0,0.08,3,1,0,0,0,1,0,0,0,0,0,0,1,0,0,0,0,0,0
268,36.0,45000.0,4.0,20000.0,11.36,1.0,0.44,14,0,0,0,1,0,0,0,1,0,0,0,1,0,0,0,0,0,0
269,22.0,60000.0,6.0,14000.0,6.03,0.0,0.23,2,0,0,0,1,0,0,0,0,1,0,1,0,0,0,0,0,0,0
270,21.0,84000.0,5.0,2500.0,9.99,0.0,0.03,4,1,0,0,0,0,1,0,0,0,0,0,1,0,0,0,0,0,0
271,37.0,89532.0,9.0,6600.0,12.53,0.0,0.07,12,0,0,0,1,0,0,0,1,0,0,0,1,0,0,0,0,0,0
272,29.0,43000.0,1.0,6000.0,11.14,0.0,0.14,7,0,0,0,1,0,0,0,1,0,0,0,1,0,0,0,0,0,0
273,28.0,98000.0,6.0,4000.0,7.51,1.0,0.04,7,0,0,0,1,0,1,0,0,0,0,1,0,0,0,0,0,0,0
274,37.0,63000.0,1.0,14900.0,9.63,0.0,0.24,13,0,0,0,1,1,0,0,0,0,0,1,0,0,0,0,0,0,0
275,32.0,56784.0,3.0,12000.0,14.96,0.0,0.21,10,0,0,1,0,0,0,0,0,1,0,0,0,0,1,0,0,0,1
276,53.0,46000.0,9.0,4925.0,11.71,0.0,0.11,23,0,0,1,0,0,0,0,0,1,0,0,1,0,0,0,0,0,0
277,30.0,98000.0,8.0,3500.0,7.68,0.0,0.04,10,1,0,0,0,0,0,0,0,0,1,1,0,0,0,0,0,0,0
278,69.0,80000.0,12.0,4800.0,14.79,0.0,0.06,22,0,0,0,1,0,0,0,1,0,0,0,0,1,0,0,0,0,1
279,25.0,42000.0,3.0,10000.0,13.8,1.0,0.24,2,0,0,0,1,0,1,0,0,0,0,0,0,1,0,0,0,0,0
280,23.0,44340.0,0.0,3000.0,12.98,0.0,0.07,3,0,0,1,0,0,0,0,0,0,1,0,0,1,0,0,0,0,1
281,51.0,667680.0,19.0,10000.0,13.98,0.0,0.01,22,1,0,0,0,0,0,0,0,1,0,0,0,1,0,0,0,0,1
282,32.0,54000.0,2.0,7125.0,9.99,1.0,0.13,6,1,0,0,0,0,0,1,0,0,0,0,1,0,0,0,0,0,0
283,22.0,47540.0,4.0,12250.0,10.62,0.0,0.26,2,1,0,0,0,0,0,0,1,0,0,0,1,0,0,0,0,0,0
284,22.0,41000.0,2.0,3600.0,16.77,1.0,0.09,3,0,0,0,1,1,0,0,0,0,0,0,0,0,1,0,0,0,1
285,32.0,70000.0,1.0,14400.0,7.88,0.0,0.21,10,0,0,1,0,0,0,0,1,0,0,1,0,0,0,0,0,0,0
286,32.0,61900.0,4.0,1500.0,13.23,0.0,0.02,7,0,0,0,1,0,0,1,0,0,0,0,0,1,0,0,0,0,1
287,23.0,115000.0,7.0,10000.0,14.27,0.0,0.09,2,1,0,0,0,0,1,0,0,0,0,0,0,1,0,0,0,0,0
288,23.0,56100.0,3.0,5650.0,10.99,1.0,0.09,3,1,0,0,0,0,0,0,1,0,0,0,1,0,0,0,0,0,0
289,32.0,1200000.0,1.0,12000.0,7.51,0.0,0.01,8,1,0,0,0,0,0,0,0,0,1,1,0,0,0,0,0,0,0
290,24.0,41000.0,4.0,15600.0,12.87,1.0,0.38,3,0,0,0,1,0,0,0,1,0,0,0,0,1,0,0,0,0,1
291,26.0,80000.0,5.0,12000.0,16.29,0.0,0.15,2,1,0,0,0,0,0,0,0,0,1,0,0,0,1,0,0,0,0
292,22.0,42000.0,2.0,6500.0,5.99,0.0,0.15,2,0,0,0,1,0,1,0,0,0,0,1,0,0,0,0,0,0,0
293,24.0,56100.0,7.0,25000.0,16.49,1.0,0.38,4,0,0,0,1,0,0,0,1,0,0,0,0,0,1,0,0,0,0
294,23.0,98280.0,7.0,9400.0,6.62,0.0,0.1,3,1,0,0,0,0,0,0,0,1,0,1,0,0,0,0,0,0,0
295,27.0,60000.0,8.0,7000.0,6.99,0.0,0.12,8,0,0,0,1,0,0,0,1,0,0,1,0,0,0,0,0,0,0
296,32.0,35100.0,3.0,10000.0,15.95,0.0,0.28,5,1,0,0,0,0,0,0,0,0,1,0,0,0,1,0,0,0,1
297,28.0,50000.0,1.0,4800.0,10.37,0.0,0.1,10,0,0,0,1,0,0,0,0,1,0,0,1,0,0,0,0,0,0
298,38.0,89000.0,2.0,6000.0,5.42,0.0,0.07,13,1,0,0,0,0,0,0,0,1,0,1,0,0,0,0,0,0,0
299,24.0,54500.0,7.0,8000.0,17.49,1.0,0.15,4,1,0,0,0,0,0,0,1,0,0,0,0,0,1,0,0,0,0
300,34.0,334000.0,18.0,18000.0,12.68,0.0,0.05,10,0,0,1,0,0,1,0,0,0,0,0,0,1,0,0,0,0,1
301,36.0,24000.0,2.0,1500.0,9.63,0.0,0.06,16,1,0,0,0,1,0,0,0,0,0,1,0,0,0,0,0,0,0
302,27.0,21112.0,0.0,3600.0,15.99,1.0,0.17,10,0,0,0,1,0,0,0,0,1,0,0,0,0,1,0,0,0,1
303,37.0,65000.0,7.0,12000.0,13.98,0.0,0.18,12,0,0,0,1,0,0,1,0,0,0,0,0,1,0,0,0,0,0
304,26.0,64999.0,5.0,10000.0,13.98,0.0,0.15,3,0,0,1,0,0,0,0,0,0,1,0,0,1,0,0,0,0,1
305,25.0,55000.0,3.0,24200.0,8.49,0.0,0.44,3,1,0,0,0,1,0,0,0,0,0,1,0,0,0,0,0,0,0
306,32.0,59004.0,0.0,8000.0,16.49,1.0,0.14,8,0,0,0,1,0,0,0,1,0,0,0,0,0,1,0,0,0,1
307,34.0,92000.0,5.0,10000.0,7.51,0.0,0.11,10,1,0,0,0,0,0,0,1,0,0,1,0,0,0,0,0,0,0
308,24.0,88000.0,4.0,6000.0,9.91,0.0,0.07,2,1,0,0,0,0,0,0,1,0,0,0,1,0,0,0,0,0,0
309,29.0,114500.0,13.0,30000.0,19.29,1.0,0.26,6,1,0,0,0,1,0,0,0,0,0,0,0,0,0,1,0,0,0
310,23.0,14400.0,2.0,4000.0,16.7,1.0,0.28,2,0,0,1,0,0,0,1,0,0,0,0,0,0,0,1,0,0,0
311,23.0,48000.0,3.0,4800.0,5.42,0.0,0.1,3,0,0,0,1,0,0,0,1,0,0,1,0,0,0,0,0,0,0
312,22.0,60000.0,7.0,7000.0,13.61,0.0,0.12,3,1,0,0,0,0,0,0,0,0,1,0,0,1,0,0,0,0,1
313,26.0,45608.0,8.0,11000.0,6.62,0.0,0.24,2,0,0,1,0,0,0,1,0,0,0,1,0,0,0,0,0,0,0
314,28.0,148000.0,0.0,15000.0,15.65,1.0,0.1,5,1,0,0,0,0,0,1,0,0,0,0,0,0,1,0,0,0,1
315,28.0,64000.0,1.0,10000.0,11.66,0.0,0.16,5,0,0,0,1,0,0,0,0,1,0,0,0,1,0,0,0,0,0
316,27.0,25000.0,0.0,3000.0,15.62,1.0,0.12,5,0,0,0,1,0,0,1,0,0,0,0,0,0,1,0,0,0,0
317,22.0,130000.0,3.0,24250.0,12.18,0.0,0.19,4,1,0,0,0,0,0,0,0,0,1,0,1,0,0,0,0,0,0
318,31.0,76500.0,1.0,14000.0,11.49,0.0,0.18,10,0,0,0,1,0,1,0,0,0,0,0,1,0,0,0,0,0,0
319,22.0,34000.0,6.0,15000.0,15.99,1.0,0.44,2,1,0,0,0,0,0,0,0,0,1,0,0,0,1,0,0,0,1
320,27.0,34928.0,1.0,11500.0,16.0,1.0,0.33,5,0,0,0,1,0,0,1,0,0,0,0,0,0,0,1,0,0,0
321,31.0,33600.0,0.0,4000.0,11.49,0.0,0.12,5,0,0,0,1,0,0,0,1,0,0,0,1,0,0,0,0,0,0
322,22.0,65000.0,1.0,5000.0,15.37,0.0,0.08,4,0,0,1,0,0,0,0,0,0,1,0,0,0,1,0,0,0,0
323,27.0,85000.0,11.0,6000.0,13.43,0.0,0.07,5,0,0,0,1,1,0,0,0,0,0,0,0,1,0,0,0,0,1
324,27.0,63000.0,12.0,18000.0,7.49,0.0,0.29,9,1,0,0,0,0,0,0,0,1,0,1,0,0,0,0,0,0,0
325,22.0,40000.0,5.0,8000.0,9.76,0.0,0.2,4,1,0,0,0,1,0,0,0,0,0,0,1,0,0,0,0,0,0
326,29.0,54000.0,1.0,25000.0,20.16,1.0,0.46,8,1,0,0,0,0,0,0,0,1,0,0,0,0,0,0,0,1,1
327,26.0,80000.0,0.0,6300.0,5.79,0.0,0.08,4,1,0,0,0,0,1,0,0,0,0,1,0,0,0,0,0,0,0
328,23.0,25200.0,7.0,7200.0,11.86,1.0,0.29,4,0,0,0,1,0,1,0,0,0,0,0,1,0,0,0,0,0,0
329,23.0,87000.0,5.0,15000.0,14.35,0.0,0.17,2,1,0,0,0,1,0,0,0,0,0,0,0,1,0,0,0,0,0
330,23.0,38400.0,3.0,6250.0,8.9,0.0,0.16,4,0,0,0,1,1,0,0,0,0,0,1,0,0,0,0,0,0,0
331,37.0,6000.0,3.0,1300.0,6.03,1.0,0.22,11,0,0,1,0,0,0,0,0,0,1,1,0,0,0,0,0,0,0
332,26.0,51500.0,3.0,9600.0,15.21,0.0,0.19,4,1,0,0,0,0,0,1,0,0,0,0,0,0,1,0,0,0,1
333,25.0,66420.0,1.0,4000.0,12.18,0.0,0.06,2,1,0,0,0,0,1,0,0,0,0,0,1,0,0,0,0,0,0
334,24.0,25000.0,3.0,3000.0,10.95,0.0,0.12,2,0,0,0,1,0,0,0,1,0,0,0,1,0,0,0,0,0,0
335,23.0,120000.0,8.0,14000.0,8.94,0.0,0.12,3,1,0,0,0,0,0,0,0,0,1,1,0,0,0,0,0,0,0
336,32.0,45000.0,0.0,5600.0,11.36,0.0,0.12,10,0,0,0,1,0,1,0,0,0,0,0,1,0,0,0,0,0,0
337,25.0,60000.0,3.0,7000.0,6.92,0.0,0.12,2,0,0,0,1,0,0,1,0,0,0,1,0,0,0,0,0,0,0
338,27.0,72000.0,9.0,25000.0,10.75,1.0,0.35,8,0,0,0,1,0,1,0,0,0,0,0,1,0,0,0,0,0,0
339,21.0,37000.0,0.0,4000.0,10.08,0.0,0.11,3,0,0,0,1,0,0,0,0,1,0,0,1,0,0,0,0,0,0
340,25.0,55000.0,3.0,1200.0,11.58,0.0,0.02,4,0,0,0,1,1,0,0,0,0,0,0,1,0,0,0,0,0,0
341,30.0,64600.0,0.0,21500.0,6.91,1.0,0.28,10,0,0,0,1,0,0,0,1,0,0,1,0,0,0,0,0,0,0
342,29.0,74100.0,3.0,4500.0,13.61,0.0,0.06,8,0,0,0,1,0,0,0,0,0,1,0,0,1,0,0,0,0,1
343,34.0,60000.0,0.0,12000.0,12.22,0.0,0.2,7,0,0,0,1,0,1,0,0,0,0,0,0,1,0,0,0,0,1
344,28.0,130000.0,10.0,24000.0,11.83,0.0,0.18,10,0,0,1,0,0,1,0,0,0,0,0,1,0,0,0,0,0,0
345,22.0,36000.0,0.0,4000.0,8.94,0.0,0.11,4,0,0,0,1,0,0,0,0,1,0,1,0,0,0,0,0,0,0
346,24.0,26000.0,1.0,5375.0,13.47,0.0,0.21,4,0,0,0,1,0,0,0,1,0,0,0,0,1,0,0,0,0,1
347,29.0,52000.0,3.0,10800.0,14.27,0.0,0.21,5,0,0,0,1,1,0,0,0,0,0,0,0,1,0,0,0,0,0
348,25.0,98000.0,9.0,25000.0,16.45,1.0,0.26,4,1,0,0,0,0,0,1,0,0,0,0,0,0,0,1,0,0,0
349,30.0,102540.0,6.0,1500.0,7.9,0.0,0.01,5,1,0,0,0,0,0,1,0,0,0,1,0,0,0,0,0,0,0
350,27.0,55000.0,3.0,20000.0,13.48,1.0,0.36,9,0,0,0,1,1,0,0,0,0,0,0,0,1,0,0,0,0,0
351,24.0,80000.0,3.0,20000.0,13.06,0.0,0.25,3,0,0,0,1,0,0,0,0,0,1,0,0,1,0,0,0,0,1
352,53.0,85000.0,2.0,8000.0,7.74,0.0,0.09,26,0,0,0,1,0,0,0,0,1,0,1,0,0,0,0,0,0,0
353,26.0,50000.0,11.0,1800.0,11.49,0.0,0.04,4,0,0,1,0,0,0,1,0,0,0,0,1,0,0,0,0,0,0
354,29.0,35000.0,14.0,8000.0,12.68,0.0,0.23,9,1,0,0,0,0,1,0,0,0,0,0,0,1,0,0,0,0,1
355,36.0,42000.0,1.0,21000.0,7.49,1.0,0.5,11,0,0,0,1,0,1,0,0,0,0,1,0,0,0,0,0,0,0
356,22.0,51000.0,6.0,7500.0,5.99,0.0,0.15,3,0,0,0,1,0,1,0,0,0,0,1,0,0,0,0,0,0,0
357,26.0,110000.0,0.0,15600.0,6.17,0.0,0.14,4,1,0,0,0,0,0,0,0,0,1,1,0,0,0,0,0,0,0
358,23.0,38000.0,0.0,8000.0,6.17,0.0,0.21,2,0,0,0,1,0,0,0,1,0,0,1,0,0,0,0,0,0,0
359,27.0,32760.0,4.0,5000.0,15.21,0.0,0.15,9,0,0,0,1,0,0,0,0,1,0,0,0,0,1,0,0,0,1
360,22.0,28800.0,2.0,10000.0,7.49,0.0,0.35,2,1,0,0,0,0,0,0,1,0,0,1,0,0,0,0,0,0,0
361,22.0,14400.0,5.0,2800.0,6.54,1.0,0.19,3,0,0,0,1,0,0,0,0,0,1,1,0,0,0,0,0,0,0
362,26.0,67000.0,10.0,10000.0,12.21,0.0,0.15,3,1,0,0,0,0,0,0,0,1,0,0,1,0,0,0,0,0,0
363,34.0,78000.0,9.0,15000.0,16.4,1.0,0.19,5,0,0,0,1,1,0,0,0,0,0,0,0,0,0,1,0,0,0
364,26.0,65004.0,7.0,20000.0,10.36,0.0,0.31,3,1,0,0,0,0,0,1,0,0,0,0,1,0,0,0,0,0,0
365,23.0,65000.0,0.0,8500.0,15.23,0.0,0.13,3,1,0,0,0,0,1,0,0,0,0,0,0,1,0,0,0,0,1
366,27.0,44000.0,3.0,6400.0,13.85,0.0,0.15,7,1,0,0,0,0,1,0,0,0,0,0,0,1,0,0,0,0,1
367,28.0,138996.0,3.0,20000.0,13.79,0.0,0.14,9,1,0,0,0,0,0,0,0,1,0,0,0,1,0,0,0,0,1
368,31.0,95000.0,1.0,25000.0,10.08,0.0,0.26,6,1,0,0,0,1,0,0,0,0,0,0,1,0,0,0,0,0,0
369,42.0,42000.0,0.0,12000.0,10.37,0.0,0.29,11,0,0,0,1,0,0,0,0,1,0,0,1,0,0,0,0,0,0
370,26.0,108000.0,4.0,9000.0,5.79,0.0,0.08,2,1,0,0,0,0,0,0,0,1,0,1,0,0,0,0,0,0,0
371,33.0,61500.0,7.0,6000.0,5.79,0.0,0.1,10,0,0,0,1,0,1,0,0,0,0,1,0,0,0,0,0,0,0
372,32.0,70000.0,7.0,6000.0,5.42,0.0,0.09,6,1,0,0,0,0,0,0,0,1,0,1,0,0,0,0,0,0,0
373,31.0,110000.0,4.0,6000.0,11.99,0.0,0.05,7,1,0,0,0,1,0,0,0,0,0,0,1,0,0,0,0,0,0
374,30.0,58000.0,2.0,15000.0,8.49,0.0,0.26,10,0,0,0,1,0,0,0,1,0,0,1,0,0,0,0,0,0,0
375,22.0,57600.0,6.0,6500.0,7.49,0.0,0.11,3,0,0,1,0,0,0,0,0,0,1,1,0,0,0,0,0,0,0
376,23.0,30000.0,4.0,4800.0,10.65,1.0,0.16,3,1,0,0,0,1,0,0,0,0,0,0,1,0,0,0,0,0,0
377,26.0,49992.0,10.0,6000.0,10.99,0.0,0.12,2,1,0,0,0,1,0,0,0,0,0,0,1,0,0,0,0,0,0
378,24.0,77385.0,6.0,9200.0,6.03,0.0,0.12,3,0,0,0,1,1,0,0,0,0,0,1,0,0,0,0,0,0,0
379,32.0,82000.0,13.0,10000.0,10.36,0.0,0.12,6,1,0,0,0,0,0,0,0,1,0,0,1,0,0,0,0,0,0
380,22.0,36000.0,1.0,1000.0,7.68,0.0,0.03,4,0,0,0,1,0,0,0,0,1,0,1,0,0,0,0,0,0,0
381,37.0,95000.0,3.0,10000.0,7.88,0.0,0.11,13,0,0,0,1,0,0,0,1,0,0,1,0,0,0,0,0,0,0
382,24.0,71000.0,8.0,3500.0,11.49,0.0,0.05,2,1,0,0,0,0,1,0,0,0,0,0,1,0,0,0,0,0,0
383,23.0,85000.0,2.0,9600.0,10.99,0.0,0.11,4,0,0,0,1,0,0,0,1,0,0,0,1,0,0,0,0,0,0
384,23.0,97600.0,7.0,14500.0,7.51,0.0,0.15,2,1,0,0,0,0,0,0,1,0,0,1,0,0,0,0,0,0,0
385,25.0,61680.0,1.0,7600.0,13.23,1.0,0.12,4,0,0,0,1,0,0,0,0,0,1,0,0,1,0,0,0,0,0
386,24.0,37000.0,2.0,5000.0,11.58,0.0,0.14,3,0,1,0,0,0,1,0,0,0,0,0,1,0,0,0,0,0,0
387,22.0,38004.0,0.0,3000.0,12.92,0.0,0.08,3,0,0,1,0,0,0,0,0,0,1,0,0,0,1,0,0,0,1
388,24.0,60000.0,8.0,2800.0,9.32,0.0,0.05,4,1,0,0,0,0,0,0,0,0,1,1,0,0,0,0,0,0,0
389,22.0,60000.0,6.0,6000.0,11.99,0.0,0.1,3,0,0,0,1,0,0,0,1,0,0,0,1,0,0,0,0,0,0
390,24.0,37000.0,3.0,5500.0,9.2,0.0,0.15,3,0,0,0,1,0,0,0,0,0,1,0,1,0,0,0,0,0,0
391,22.0,35000.0,1.0,8000.0,12.41,0.0,0.23,3,0,0,0,1,0,0,0,0,0,1,0,0,1,0,0,0,0,0
392,28.0,50000.0,1.0,15000.0,10.28,0.0,0.3,5,0,0,0,1,0,1,0,0,0,0,0,0,1,0,0,0,0,0
393,27.0,31897.0,8.0,14125.0,12.68,1.0,0.44,10,0,0,0,1,0,0,0,1,0,0,0,0,1,0,0,0,0,0
394,23.0,29000.0,4.0,13450.0,12.61,1.0,0.46,3,0,0,0,1,0,0,0,1,0,0,0,0,0,1,0,0,0,0
395,24.0,77964.0,4.0,9600.0,14.42,1.0,0.12,2,0,0,0,1,1,0,0,0,0,0,0,0,0,1,0,0,0,0
396,21.0,23040.0,0.0,15000.0,8.94,0.0,0.65,2,0,0,1,0,0,1,0,0,0,0,1,0,0,0,0,0,0,0
397,34.0,67000.0,7.0,20000.0,11.71,0.0,0.3,9,0,0,0,1,0,1,0,0,0,0,0,1,0,0,0,0,0,0
398,22.0,44000.0,5.0,15000.0,11.11,1.0,0.34,3,0,0,0,1,0,0,1,0,0,0,0,1,0,0,0,0,0,0
399,29.0,93000.0,1.0,10000.0,11.14,0.0,0.11,8,0,0,0,1,0,0,1,0,0,0,0,1,0,0,0,0,0,0
400,27.0,48000.0,9.0,14000.0,13.79,1.0,0.29,10,0,0,0,1,1,0,0,0,0,0,0,0,1,0,0,0,0,0
401,24.0,54000.0,8.0,4000.0,9.99,0.0,0.07,2,1,0,0,0,0,0,0,0,1,0,0,1,0,0,0,0,0,0
402,39.0,97000.0,15.0,3000.0,9.25,0.0,0.03,17,0,0,0,1,0,0,0,0,1,0,0,1,0,0,0,0,0,0
403,22.0,45000.0,3.0,5800.0,7.88,0.0,0.13,3,0,0,0,1,0,0,0,1,0,0,1,0,0,0,0,0,0,0
404,23.0,33996.0,1.0,1500.0,6.99,0.0,0.04,4,0,0,0,1,0,1,0,0,0,0,1,0,0,0,0,0,0,0
405,22.0,30000.0,1.0,9375.0,11.71,1.0,0.31,2,0,0,0,1,0,0,0,0,1,0,0,1,0,0,0,0,0,0
406,23.0,36000.0,1.0,5000.0,13.22,0.0,0.14,4,0,0,0,1,0,0,0,1,0,0,0,0,1,0,0,0,0,0
407,22.0,48000.0,0.0,5000.0,6.03,0.0,0.1,4,1,0,0,0,0,0,0,1,0,0,1,0,0,0,0,0,0,0
408,27.0,56400.0,4.0,8000.0,16.77,0.0,0.14,10,0,0,0,1,0,0,0,0,1,0,0,0,0,1,0,0,0,1
409,40.0,52479.0,17.0,6600.0,14.54,1.0,0.13,13,0,0,0,1,0,0,0,0,1,0,0,0,0,1,0,0,0,0
410,21.0,60000.0,4.0,12000.0,11.36,0.0,0.2,3,1,0,0,0,0,1,0,0,0,0,0,1,0,0,0,0,0,0
411,28.0,81000.0,11.0,6000.0,6.17,0.0,0.07,10,1,0,0,0,0,0,1,0,0,0,1,0,0,0,0,0,0,0
412,23.0,55000.0,4.0,4000.0,12.53,0.0,0.07,2,0,0,0,1,0,0,0,1,0,0,0,1,0,0,0,0,0,0
413,23.0,55000.0,3.0,7500.0,7.51,0.0,0.14,2,1,0,0,0,0,0,0,0,1,0,1,0,0,0,0,0,0,0
414,28.0,37152.0,12.0,2300.0,13.17,0.0,0.06,7,0,0,0,1,0,1,0,0,0,0,0,0,0,1,0,0,0,0
415,32.0,135000.0,10.0,10000.0,10.99,0.0,0.07,6,1,0,0,0,0,0,0,0,1,0,0,1,0,0,0,0,0,0
416,34.0,75000.0,14.0,10000.0,11.11,0.0,0.13,10,1,0,0,0,0,0,0,1,0,0,0,1,0,0,0,0,0,0
417,23.0,35000.0,0.0,5200.0,13.92,0.0,0.15,2,0,0,0,1,1,0,0,0,0,0,0,0,1,0,0,0,0,0
418,26.0,45000.0,5.0,1800.0,14.11,0.0,0.04,2,0,0,0,1,0,0,0,1,0,0,0,0,0,1,0,0,0,1
419,29.0,100000.0,9.0,25000.0,13.23,0.0,0.25,8,1,0,0,0,0,0,0,0,0,1,0,0,1,0,0,0,0,1
420,35.0,26000.0,3.0,8000.0,7.9,1.0,0.31,10,0,0,0,1,0,0,0,0,1,0,1,0,0,0,0,0,0,0
421,25.0,70000.0,9.0,15000.0,16.02,0.0,0.21,4,0,0,0,1,0,0,1,0,0,0,0,0,0,1,0,0,0,0
422,22.0,43000.0,2.0,14400.0,7.88,1.0,0.33,2,0,0,0,1,1,0,0,0,0,0,1,0,0,0,0,0,0,0
423,27.0,66300.0,11.0,21000.0,15.62,1.0,0.27,10,1,0,0,0,0,0,0,1,0,0,0,0,0,1,0,0,0,1
424,33.0,55259.0,15.0,11200.0,17.49,0.0,0.2,5,0,0,0,1,0,1,0,0,0,0,0,0,0,1,0,0,0,0
425,31.0,50004.0,15.0,10000.0,8.0,0.0,0.2,8,1,0,0,0,1,0,0,0,0,0,1,0,0,0,0,0,0,0
426,24.0,52000.0,8.0,5000.0,10.99,0.0,0.1,3,1,0,0,0,0,0,0,0,1,0,0,1,0,0,0,0,0,0
427,21.0,75000.0,5.0,15000.0,10.37,0.0,0.2,4,0,0,0,1,0,0,0,1,0,0,0,1,0,0,0,0,0,0
428,30.0,31000.0,14.0,2400.0,10.65,1.0,0.08,5,1,0,0,0,0,0,1,0,0,0,0,1,0,0,0,0,0,0
429,26.0,49000.0,0.0,20000.0,19.79,1.0,0.41,3,0,0,0,1,0,0,1,0,0,0,0,0,0,0,0,1,0,0
430,24.0,90000.0,8.0,15000.0,17.58,0.0,0.17,3,0,0,0,1,0,0,1,0,0,0,0,0,0,1,0,0,0,0
431,26.0,62500.0,9.0,8000.0,11.49,0.0,0.13,2,1,0,0,0,0,0,0,1,0,0,0,1,0,0,0,0,0,0
432,27.0,29000.0,4.0,9750.0,7.51,1.0,0.34,6,0,0,0,1,0,0,0,0,1,0,1,0,0,0,0,0,0,0
433,29.0,70000.0,11.0,6000.0,14.27,0.0,0.09,7,1,0,0,0,0,1,0,0,0,0,0,0,1,0,0,0,0,1
434,26.0,64000.0,9.0,8000.0,12.17,1.0,0.13,4,1,0,0,0,1,0,0,0,0,0,0,0,0,1,0,0,0,0
435,33.0,62000.0,3.0,3700.0,6.39,0.0,0.06,6,1,0,0,0,0,0,1,0,0,0,1,0,0,0,0,0,0,0
436,23.0,13000.0,3.0,2800.0,15.21,1.0,0.22,2,0,0,0,1,0,0,0,0,1,0,0,0,0,1,0,0,0,1
437,22.0,48000.0,6.0,16500.0,8.9,1.0,0.34,3,0,0,0,1,1,0,0,0,0,0,1,0,0,0,0,0,0,0
438,26.0,63000.0,1.0,10000.0,16.4,1.0,0.16,2,0,0,0,1,0,0,0,0,0,1,0,0,0,0,1,0,0,1
439,25.0,125000.0,3.0,7500.0,12.69,0.0,0.06,4,0,0,0,1,0,0,1,0,0,0,0,1,0,0,0,0,0,0
440,26.0,161000.0,10.0,30000.0,7.9,0.0,0.19,4,0,0,0,1,0,0,0,0,0,1,1,0,0,0,0,0,0,0
441,29.0,62000.0,5.0,10000.0,5.99,0.0,0.16,8,1,0,0,0,1,0,0,0,0,0,1,0,0,0,0,0,0,0
442,25.0,150000.0,6.0,5000.0,13.16,0.0,0.03,4,1,0,0,0,1,0,0,0,0,0,0,0,1,0,0,0,0,1
443,28.0,84000.0,12.0,20500.0,10.0,0.0,0.24,5,1,0,0,0,0,0,0,1,0,0,0,1,0,0,0,0,0,0
444,23.0,57000.0,6.0,17500.0,14.09,0.0,0.31,3,1,0,0,0,0,1,0,0,0,0,0,0,0,1,0,0,0,1
445,26.0,132500.0,1.0,12000.0,12.69,0.0,0.09,3,1,0,0,0,0,0,1,0,0,0,0,1,0,0,0,0,0,0
446,21.0,55200.0,5.0,8900.0,6.17,0.0,0.16,2,1,0,0,0,0,0,0,0,0,1,1,0,0,0,0,0,0,0
447,35.0,45000.0,3.0,12000.0,11.26,0.0,0.27,5,0,0,0,1,0,0,0,1,0,0,0,1,0,0,0,0,0,0
448,22.0,69500.0,6.0,6000.0,10.65,0.0,0.09,4,0,0,0,1,1,0,0,0,0,0,0,1,0,0,0,0,0,0
449,33.0,57500.0,0.0,15000.0,6.03,0.0,0.26,7,1,0,0,0,0,0,0,1,0,0,1,0,0,0,0,0,0,0
450,24.0,193000.0,8.0,10000.0,13.06,0.0,0.05,4,1,0,0,0,0,1,0,0,0,0,0,0,1,0,0,0,0,0
451,23.0,70550.0,7.0,15000.0,8.9,1.0,0.18,4,1,0,0,0,0,0,0,1,0,0,1,0,0,0,0,0,0,0
452,25.0,38400.0,3.0,15000.0,10.65,1.0,0.39,2,0,0,0,1,1,0,0,0,0,0,0,1,0,0,0,0,0,0
453,36.0,37000.0,3.0,7000.0,6.91,0.0,0.19,13,1,0,0,0,0,0,0,0,1,0,1,0,0,0,0,0,0,0
454,23.0,66000.0,2.0,10000.0,9.32,0.0,0.15,4,0,0,0,1,0,0,0,1,0,0,1,0,0,0,0,0,0,0
455,26.0,78000.0,7.0,7200.0,6.62,0.0,0.09,4,1,0,0,0,0,0,0,0,0,1,1,0,0,0,0,0,0,0
456,23.0,65000.0,4.0,13600.0,15.62,0.0,0.21,2,1,0,0,0,0,1,0,0,0,0,0,0,0,1,0,0,0,1
457,24.0,62400.0,8.0,20000.0,11.12,1.0,0.32,2,0,0,0,1,0,0,0,0,0,1,0,1,0,0,0,0,0,0
458,37.0,78000.0,5.0,12000.0,9.83,0.0,0.15,11,1,0,0,0,1,0,0,0,0,0,0,1,0,0,0,0,0,0
459,21.0,55000.0,3.0,4800.0,11.12,0.0,0.09,4,0,0,0,1,0,1,0,0,0,0,0,1,0,0,0,0,0,0
460,32.0,80000.0,15.0,12000.0,5.99,0.0,0.15,8,1,0,0,0,0,0,0,0,0,1,1,0,0,0,0,0,0,0
461,27.0,90000.0,2.0,20000.0,16.7,0.0,0.22,9,1,0,0,0,0,0,0,0,1,0,0,0,0,0,1,0,0,0
462,31.0,165000.0,3.0,15000.0,12.61,0.0,0.09,7,1,0,0,0,0,0,1,0,0,0,0,0,1,0,0,0,0,0
463,21.0,78000.0,4.0,10000.0,5.99,0.0,0.13,2,0,0,0,1,0,0,0,0,0,1,1,0,0,0,0,0,0,0
464,31.0,70000.0,0.0,3000.0,8.9,0.0,0.04,8,1,0,0,0,0,0,0,1,0,0,1,0,0,0,0,0,0,0
465,24.0,37200.0,8.0,7200.0,7.9,0.0,0.19,4,0,0,0,1,1,0,0,0,0,0,1,0,0,0,0,0,0,0
466,23.0,34000.0,5.0,9000.0,17.06,1.0,0.26,4,0,0,0,1,0,0,0,1,0,0,0,0,0,0,1,0,0,1
467,30.0,75000.0,0.0,5000.0,10.62,0.0,0.07,5,0,0,0,1,0,0,0,0,1,0,0,1,0,0,0,0,0,0
468,26.0,86004.0,0.0,12000.0,12.99,0.0,0.14,2,0,0,0,1,0,1,0,0,0,0,0,0,1,0,0,0,0,0
469,23.0,90000.0,1.0,4000.0,5.42,0.0,0.04,3,1,0,0,0,0,1,0,0,0,0,1,0,0,0,0,0,0,0
470,28.0,61350.0,12.0,7000.0,12.98,1.0,0.11,8,0,0,0,1,1,0,0,0,0,0,0,0,1,0,0,0,0,1
471,23.0,46000.0,7.0,10000.0,13.43,1.0,0.22,4,0,0,0,1,0,0,1,0,0,0,0,0,1,0,0,0,0,0
472,24.0,80400.0,5.0,12000.0,5.79,0.0,0.15,2,1,0,0,0,0,0,0,0,1,0,1,0,0,0,0,0,0,0
473,23.0,37000.0,7.0,3000.0,10.75,1.0,0.08,4,0,0,0,1,0,1,0,0,0,0,0,1,0,0,0,0,0,0
474,35.0,74984.0,2.0,13500.0,7.29,0.0,0.18,9,0,0,0,1,0,0,0,0,0,1,1,0,0,0,0,0,0,0
475,30.0,76000.0,5.0,6250.0,7.88,0.0,0.08,10,1,0,0,0,0,0,1,0,0,0,1,0,0,0,0,0,0,0
476,29.0,39000.0,0.0,4000.0,15.99,1.0,0.1,5,0,0,0,1,0,0,0,0,0,1,0,0,0,1,0,0,0,1
477,23.0,34000.0,7.0,10950.0,7.29,0.0,0.32,2,0,0,1,0,0,0,0,0,0,1,1,0,0,0,0,0,0,0
478,31.0,42000.0,2.0,7000.0,7.9,0.0,0.17,7,0,0,0,1,0,0,0,1,0,0,1,0,0,0,0,0,0,0
479,24.0,57000.0,8.0,9000.0,8.0,0.0,0.16,4,0,0,1,0,0,1,0,0,0,0,1,0,0,0,0,0,0,0
480,25.0,44000.0,9.0,8500.0,14.27,1.0,0.19,4,0,0,0,1,0,0,0,1,0,0,0,0,1,0,0,0,0,0
481,30.0,75000.0,5.0,22000.0,10.62,0.0,0.29,10,0,0,0,1,0,0,1,0,0,0,0,1,0,0,0,0,0,0
482,26.0,30000.0,5.0,2000.0,11.99,1.0,0.07,2,1,0,0,0,0,0,1,0,0,0,0,1,0,0,0,0,0,0
483,32.0,67000.0,12.0,10000.0,10.25,0.0,0.15,9,1,0,0,0,0,0,0,1,0,0,0,1,0,0,0,0,0,0
484,26.0,60000.0,10.0,12500.0,6.92,0.0,0.21,3,1,0,0,0,0,0,0,1,0,0,1,0,0,0,0,0,0,0
485,29.0,125000.0,5.0,12000.0,5.79,0.0,0.1,7,1,0,0,0,0,0,0,0,1,0,1,0,0,0,0,0,0,0
486,21.0,37200.0,1.0,7000.0,10.99,0.0,0.19,3,0,0,0,1,1,0,0,0,0,0,0,1,0,0,0,0,0,0
487,28.0,95680.0,12.0,17000.0,7.88,0.0,0.18,7,1,0,0,0,0,0,0,0,0,1,1,0,0,0,0,0,0,0
488,24.0,50000.0,1.0,12000.0,7.51,0.0,0.24,4,0,0,0,1,0,0,1,0,0,0,1,0,0,0,0,0,0,0
489,22.0,75000.0,6.0,25000.0,15.57,1.0,0.33,4,1,0,0,0,0,0,0,0,0,1,0,0,0,1,0,0,0,1
490,30.0,33000.0,4.0,1000.0,14.79,0.0,0.03,9,0,0,0,1,1,0,0,0,0,0,0,0,1,0,0,0,0,1
491,22.0,65000.0,0.0,10000.0,9.45,0.0,0.15,3,0,0,0,1,0,0,0,0,1,0,0,1,0,0,0,0,0,0
492,36.0,66000.0,3.0,10000.0,6.62,0.0,0.15,12,0,0,0,1,0,1,0,0,0,0,1,0,0,0,0,0,0,0
493,22.0,36000.0,1.0,6000.0,7.51,0.0,0.17,2,0,0,0,1,1,0,0,0,0,0,1,0,0,0,0,0,0,0
494,27.0,39600.0,11.0,4800.0,6.76,0.0,0.12,9,1,0,0,0,1,0,0,0,0,0,1,0,0,0,0,0,0,0
495,22.0,58650.0,6.0,25000.0,14.96,1.0,0.36,2,1,0,0,0,0,0,0,1,0,0,0,0,0,1,0,0,0,0
496,23.0,63000.0,7.0,20000.0,7.9,0.0,0.32,3,1,0,0,0,0,1,0,0,0,0,1,0,0,0,0,0,0,0
497,24.0,72000.0,6.0,14400.0,10.0,0.0,0.2,4,0,0,0,1,0,0,0,0,1,0,0,1,0,0,0,0,0,0
498,35.0,77040.0,8.0,5900.0,5.99,0.0,0.08,7,1,0,0,0,0,0,1,0,0,0,1,0,0,0,0,0,0,0
499,27.0,51000.0,9.0,1600.0,10.59,0.0,0.03,6,0,0,0,1,0,0,0,0,0,1,0,1,0,0,0,0,0,0
500,24.0,175000.0,3.0,8000.0,11.14,0.0,0.05,4,0,0,1,0,0,0,0,0,0,1,0,1,0,0,0,0,0,0
501,28.0,230000.0,12.0,10000.0,10.95,0.0,0.04,6,1,0,0,0,1,0,0,0,0,0,0,1,0,0,0,0,0,0
502,23.0,44004.0,0.0,12000.0,16.0,1.0,0.27,2,0,0,0,1,0,0,0,0,0,1,0,0,0,0,1,0,0,0
503,29.0,85000.0,14.0,7500.0,11.49,0.0,0.09,10,1,0,0,0,0,0,0,0,0,1,0,1,0,0,0,0,0,0
504,22.0,34000.0,0.0,3500.0,14.27,0.0,0.1,3,0,0,0,1,1,0,0,0,0,0,0,0,1,0,0,0,0,1
505,24.0,54000.0,8.0,1500.0,14.42,1.0,0.03,2,1,0,0,0,0,0,0,0,0,1,0,0,0,1,0,0,0,1
506,29.0,78300.0,1.0,10000.0,18.09,0.0,0.13,9,1,0,0,0,0,0,0,0,0,1,0,0,0,0,0,1,0,1
507,25.0,36000.0,2.0,3600.0,15.23,0.0,0.1,4,0,0,0,1,0,1,0,0,0,0,0,0,1,0,0,0,0,0
508,42.0,101000.0,6.0,25000.0,16.15,1.0,0.25,14,1,0,0,0,1,0,0,0,0,0,0,0,0,0,0,1,0,1
509,46.0,180000.0,31.0,18000.0,9.91,0.0,0.1,12,1,0,0,0,0,0,0,1,0,0,0,1,0,0,0,0,0,0
510,25.0,63300.0,0.0,17600.0,12.53,0.0,0.28,4,1,0,0,0,0,1,0,0,0,0,0,0,1,0,0,0,0,1
511,34.0,39000.0,5.0,12000.0,11.99,0.0,0.31,6,0,0,1,0,0,0,1,0,0,0,0,1,0,0,0,0,0,0
512,26.0,95000.0,1.0,24000.0,10.99,0.0,0.25,3,1,0,0,0,0,0,0,0,1,0,0,1,0,0,0,0,0,0
513,24.0,35000.0,9.0,7000.0,5.99,0.0,0.2,2,0,0,0,1,0,0,0,0,1,0,1,0,0,0,0,0,0,0
514,29.0,60000.0,1.0,6000.0,10.01,0.0,0.1,10,0,0,0,1,0,0,1,0,0,0,0,1,0,0,0,0,0,0
515,29.0,120000.0,3.0,6250.0,12.53,0.0,0.05,9,1,0,0,0,1,0,0,0,0,0,0,0,1,0,0,0,0,0
516,22.0,21216.0,0.0,1500.0,11.86,0.0,0.07,2,0,0,0,1,0,0,0,1,0,0,0,1,0,0,0,0,0,0
517,23.0,58000.0,4.0,1200.0,15.23,0.0,0.02,4,0,0,0,1,0,1,0,0,0,0,0,0,1,0,0,0,0,0
518,21.0,30000.0,4.0,3000.0,16.32,0.0,0.1,3,0,0,0,1,0,1,0,0,0,0,0,0,0,1,0,0,0,1
519,23.0,121000.0,4.0,3600.0,5.79,0.0,0.03,4,1,0,0,0,0,0,0,0,1,0,1,0,0,0,0,0,0,0
520,38.0,49000.0,10.0,7250.0,11.99,0.0,0.15,11,1,0,0,0,1,0,0,0,0,0,0,1,0,0,0,0,0,0
521,28.0,71000.0,4.0,6000.0,8.49,0.0,0.08,10,0,0,0,1,0,0,0,1,0,0,1,0,0,0,0,0,0,0
522,22.0,51000.0,6.0,7500.0,5.99,0.0,0.15,2,0,0,0,1,0,0,0,0,1,0,1,0,0,0,0,0,0,0
523,23.0,51996.0,3.0,5000.0,6.92,0.0,0.1,3,1,0,0,0,0,0,0,0,1,0,1,0,0,0,0,0,0,0
524,31.0,42000.0,1.0,12000.0,10.99,0.0,0.29,9,0,0,0,1,0,0,0,1,0,0,0,1,0,0,0,0,0,0
525,23.0,99200.0,7.0,23000.0,6.91,0.0,0.23,4,1,0,0,0,1,0,0,0,0,0,1,0,0,0,0,0,0,0
526,22.0,74004.0,0.0,3000.0,6.54,0.0,0.04,4,0,0,1,0,0,0,0,1,0,0,1,0,0,0,0,0,0,0
527,33.0,104000.0,9.0,8000.0,11.58,0.0,0.08,8,0,0,0,1,1,0,0,0,0,0,0,1,0,0,0,0,0,0
528,24.0,40000.0,1.0,1000.0,10.99,0.0,0.03,3,0,0,0,1,0,0,0,1,0,0,0,1,0,0,0,0,0,0
529,26.0,28800.0,0.0,13000.0,14.46,1.0,0.45,2,0,0,0,1,0,0,1,0,0,0,0,0,0,1,0,0,0,0
530,28.0,30000.0,3.0,10000.0,8.9,1.0,0.33,5,0,0,0,1,0,0,0,0,1,0,1,0,0,0,0,0,0,0
531,33.0,124000.0,6.0,14000.0,6.03,0.0,0.11,10,1,0,0,0,1,0,0,0,0,0,1,0,0,0,0,0,0,0
532,23.0,80000.0,1.0,12000.0,6.62,0.0,0.15,4,0,0,0,1,0,0,0,1,0,0,1,0,0,0,0,0,0,0
533,22.0,69996.0,6.0,10000.0,10.0,0.0,0.14,4,1,0,0,0,0,0,0,0,0,1,0,1,0,0,0,0,0,0
534,40.0,130000.0,0.0,24250.0,6.17,0.0,0.19,16,1,0,0,0,1,0,0,0,0,0,1,0,0,0,0,0,0,0
535,22.0,42000.0,6.0,2000.0,10.36,0.0,0.05,4,0,0,0,1,0,1,0,0,0,0,0,1,0,0,0,0,0,0
536,27.0,41000.0,6.0,15000.0,8.49,1.0,0.37,8,0,0,0,1,0,1,0,0,0,0,1,0,0,0,0,0,0,0
537,40.0,38000.0,16.0,11000.0,10.37,0.0,0.29,11,0,0,0,1,0,0,0,0,0,1,0,1,0,0,0,0,0,0
538,24.0,54000.0,5.0,21600.0,13.49,1.0,0.4,2,0,0,0,1,0,0,0,0,0,1,0,0,1,0,0,0,0,0
539,23.0,90000.0,4.0,18000.0,8.88,0.0,0.2,4,0,0,0,1,0,0,0,0,1,0,0,1,0,0,0,0,0,0
540,26.0,80000.0,4.0,5000.0,14.96,0.0,0.06,3,1,0,0,0,0,0,0,0,1,0,0,0,0,1,0,0,0,1
541,22.0,56000.0,3.0,10075.0,16.29,0.0,0.18,4,1,0,0,0,0,1,0,0,0,0,0,0,0,1,0,0,0,1
542,23.0,58700.0,8.0,1200.0,11.71,0.0,0.02,4,0,0,0,1,0,0,0,0,1,0,0,1,0,0,0,0,0,0
543,25.0,75000.0,9.0,4800.0,15.27,0.0,0.06,3,1,0,0,0,0,0,0,1,0,0,0,0,1,0,0,0,0,1
544,30.0,40800.0,7.0,2400.0,11.49,1.0,0.06,9,0,0,0,1,0,0,0,0,1,0,0,1,0,0,0,0,0,0
545,21.0,36000.0,1.0,4000.0,5.42,0.0,0.11,3,1,0,0,0,0,0,0,1,0,0,1,0,0,0,0,0,0,0
546,29.0,20064.0,3.0,4400.0,13.92,0.0,0.22,7,0,0,0,1,0,0,0,1,0,0,0,0,1,0,0,0,0,1
547,30.0,54000.0,1.0,6300.0,10.0,0.0,0.12,7,0,0,0,1,0,1,0,0,0,0,0,1,0,0,0,0,0,0
548,25.0,60000.0,1.0,8400.0,7.29,0.0,0.14,2,0,0,0,1,0,0,0,0,0,1,1,0,0,0,0,0,0,0
549,26.0,48000.0,10.0,13800.0,13.49,0.0,0.29,2,1,0,0,0,0,0,0,0,0,1,0,0,1,0,0,0,0,1
550,36.0,65458.0,4.0,8000.0,7.29,0.0,0.12,13,1,0,0,0,0,0,0,1,0,0,1,0,0,0,0,0,0,0
551,29.0,56000.0,8.0,6000.0,10.99,0.0,0.11,9,1,0,0,0,0,0,0,1,0,0,0,1,0,0,0,0,0,0
552,30.0,54000.0,2.0,5000.0,15.13,1.0,0.09,7,0,0,0,1,0,0,1,0,0,0,0,0,0,0,1,0,0,0
553,25.0,65000.0,3.0,18000.0,15.33,1.0,0.28,4,0,0,0,1,0,0,0,0,1,0,0,0,0,1,0,0,0,0
554,22.0,18204.0,2.0,2500.0,11.89,0.0,0.14,4,0,0,0,1,1,0,0,0,0,0,0,1,0,0,0,0,0,0
555,24.0,65000.0,5.0,8000.0,9.63,0.0,0.12,3,0,0,0,1,0,0,0,0,1,0,0,1,0,0,0,0,0,0
556,46.0,47000.0,5.0,6000.0,7.14,0.0,0.13,15,1,0,0,0,0,0,0,0,1,0,1,0,0,0,0,0,0,0
557,24.0,75000.0,8.0,15000.0,12.21,0.0,0.2,3,1,0,0,0,1,0,0,0,0,0,0,1,0,0,0,0,0,0
558,26.0,58000.0,0.0,20000.0,10.25,1.0,0.34,4,0,0,0,1,0,0,1,0,0,0,0,1,0,0,0,0,0,0
559,29.0,100000.0,4.0,10000.0,9.63,0.0,0.1,9,0,0,0,1,0,0,0,0,0,1,1,0,0,0,0,0,0,0
560,27.0,30000.0,6.0,11500.0,10.36,1.0,0.38,7,0,0,0,1,0,0,0,0,0,1,0,1,0,0,0,0,0,0
561,39.0,37200.0,1.0,5000.0,15.62,1.0,0.13,15,0,0,0,1,0,1,0,0,0,0,0,0,1,0,0,0,0,0
562,24.0,37000.0,8.0,6000.0,6.76,0.0,0.16,4,0,0,0,1,0,0,0,1,0,0,1,0,0,0,0,0,0,0
563,24.0,125375.0,0.0,12000.0,14.27,1.0,0.08,2,0,0,0,1,0,0,0,1,0,0,0,0,1,0,0,0,0,0
564,24.0,43000.0,4.0,10000.0,9.63,0.0,0.23,3,0,0,0,1,0,0,0,1,0,0,0,1,0,0,0,0,0,0
565,27.0,38400.0,3.0,15000.0,12.68,0.0,0.39,5,1,0,0,0,1,0,0,0,0,0,0,0,1,0,0,0,0,0
566,24.0,90000.0,3.0,15000.0,11.86,0.0,0.17,2,0,0,0,1,0,0,1,0,0,0,0,1,0,0,0,0,0,0
567,23.0,57996.0,5.0,8800.0,7.51,0.0,0.15,2,1,0,0,0,0,1,0,0,0,0,1,0,0,0,0,0,0,0
568,27.0,50000.0,3.0,15000.0,16.77,0.0,0.3,5,0,0,0,1,0,0,0,0,0,1,0,0,0,1,0,0,0,0
569,26.0,30000.0,8.0,9000.0,5.99,1.0,0.3,2,0,0,0,1,0,1,0,0,0,0,1,0,0,0,0,0,0,0
570,24.0,44000.0,2.0,25000.0,15.58,1.0,0.57,3,1,0,0,0,1,0,0,0,0,0,0,0,0,1,0,0,0,1
571,26.0,59500.0,9.0,12000.0,6.62,0.0,0.2,3,1,0,0,0,0,0,0,0,0,1,1,0,0,0,0,0,0,0
572,30.0,148000.0,8.0,10000.0,13.55,0.0,0.07,9,0,0,0,1,0,0,0,0,0,1,0,0,0,1,0,0,0,0
573,25.0,66420.0,1.0,4000.0,12.18,0.0,0.06,3,1,0,0,0,0,0,0,1,0,0,0,1,0,0,0,0,0,0
574,38.0,46150.0,6.0,6500.0,6.03,0.0,0.14,15,1,0,0,0,0,0,0,0,0,1,1,0,0,0,0,0,0,0
575,22.0,30000.0,0.0,2500.0,12.53,0.0,0.08,2,0,0,1,0,0,1,0,0,0,0,0,1,0,0,0,0,0,0
576,32.0,30000.0,16.0,7000.0,6.99,0.0,0.23,6,1,0,0,0,0,1,0,0,0,0,1,0,0,0,0,0,0,0
577,30.0,134500.0,9.0,24000.0,15.96,0.0,0.18,6,1,0,0,0,1,0,0,0,0,0,0,0,1,0,0,0,0,1
578,21.0,35000.0,5.0,1500.0,9.63,0.0,0.04,2,1,0,0,0,0,1,0,0,0,0,0,1,0,0,0,0,0,0
579,22.0,48000.0,6.0,8000.0,12.99,0.0,0.17,3,0,0,0,1,1,0,0,0,0,0,0,0,1,0,0,0,0,1
580,31.0,25000.0,0.0,2500.0,7.4,0.0,0.1,6,0,0,0,1,0,0,0,0,1,0,1,0,0,0,0,0,0,0
581,31.0,99504.0,5.0,7500.0,13.57,0.0,0.08,10,0,0,0,1,1,0,0,0,0,0,0,0,1,0,0,0,0,0
582,25.0,55000.0,9.0,3600.0,8.9,0.0,0.07,3,0,0,0,1,1,0,0,0,0,0,1,0,0,0,0,0,0,0
583,22.0,63000.0,2.0,5000.0,7.74,0.0,0.08,3,0,0,0,1,1,0,0,0,0,0,1,0,0,0,0,0,0,0
584,21.0,65000.0,5.0,10000.0,6.03,0.0,0.15,3,1,0,0,0,0,0,0,0,0,1,1,0,0,0,0,0,0,0
585,38.0,34000.0,19.0,6000.0,7.9,0.0,0.18,11,0,0,0,1,0,0,0,1,0,0,1,0,0,0,0,0,0,0
586,25.0,98000.0,9.0,2000.0,5.42,0.0,0.02,4,1,0,0,0,0,1,0,0,0,0,1,0,0,0,0,0,0,0
587,26.0,54000.0,6.0,10000.0,7.9,0.0,0.19,2,0,0,0,1,0,1,0,0,0,0,1,0,0,0,0,0,0,0
588,28.0,60000.0,0.0,7000.0,11.11,0.0,0.12,5,0,0,1,0,0,0,0,0,0,1,0,1,0,0,0,0,0,0
589,22.0,85000.0,4.0,12000.0,6.91,0.0,0.14,3,1,0,0,0,0,0,0,1,0,0,1,0,0,0,0,0,0,0
590,33.0,72000.0,9.0,9000.0,11.14,0.0,0.13,5,0,0,0,1,0,0,0,0,1,0,0,1,0,0,0,0,0,0
591,22.0,73000.0,6.0,7000.0,7.49,0.0,0.1,2,1,0,0,0,0,0,0,0,0,1,1,0,0,0,0,0,0,0
592,30.0,232050.0,14.0,25000.0,17.93,1.0,0.09,9,1,0,0,0,0,0,0,1,0,0,0,0,0,0,1,0,0,1
593,26.0,58000.0,0.0,3500.0,8.59,0.0,0.06,3,0,0,0,1,0,0,0,0,1,0,1,0,0,0,0,0,0,0
594,24.0,108000.0,5.0,10000.0,9.7,0.0,0.09,4,0,1,0,0,0,1,0,0,0,0,0,1,0,0,0,0,0,0
595,24.0,54996.0,8.0,19000.0,10.83,0.0,0.35,3,1,0,0,0,0,0,0,1,0,0,0,1,0,0,0,0,0,0
596,36.0,22000.0,0.0,8000.0,6.99,0.0,0.36,17,1,0,0,0,0,1,0,0,0,0,1,0,0,0,0,0,0,0
597,32.0,45000.0,7.0,4000.0,7.49,0.0,0.09,5,1,0,0,0,0,1,0,0,0,0,1,0,0,0,0,0,0,0
598,27.0,72000.0,4.0,20000.0,9.25,0.0,0.28,10,0,0,0,1,0,0,1,0,0,0,0,1,0,0,0,0,0,0
599,24.0,40000.0,6.0,5000.0,6.17,0.0,0.13,3,0,0,0,1,0,0,0,1,0,0,1,0,0,0,0,0,0,0
600,34.0,62900.0,11.0,18000.0,8.94,1.0,0.24,5,1,0,0,0,0,0,0,1,0,0,1,0,0,0,0,0,0,0
601,23.0,29000.0,6.0,7750.0,14.59,1.0,0.27,3,0,0,0,1,0,0,0,1,0,0,0,0,0,1,0,0,0,1
602,23.0,35000.0,7.0,5400.0,10.59,0.0,0.15,2,0,0,0,1,0,0,0,0,1,0,0,1,0,0,0,0,0,0
603,22.0,24000.0,5.0,8000.0,9.91,0.0,0.33,2,0,0,1,0,0,0,0,1,0,0,0,1,0,0,0,0,0,0
604,26.0,65004.0,3.0,8400.0,7.51,0.0,0.13,3,0,0,0,1,0,0,0,0,0,1,1,0,0,0,0,0,0,0
605,25.0,31800.0,1.0,10000.0,12.53,1.0,0.31,3,0,1,0,0,0,0,1,0,0,0,0,0,1,0,0,0,0,0
606,25.0,72000.0,9.0,15000.0,7.88,0.0,0.21,3,1,0,0,0,1,0,0,0,0,0,1,0,0,0,0,0,0,0
607,35.0,37400.0,3.0,10750.0,15.95,0.0,0.29,5,1,0,0,0,0,0,0,0,0,1,0,0,0,1,0,0,0,0
608,23.0,18000.0,2.0,2000.0,14.79,0.0,0.11,3,0,0,0,1,0,1,0,0,0,0,0,0,1,0,0,0,0,0
609,23.0,59000.0,5.0,3000.0,7.14,0.0,0.05,2,0,0,0,1,1,0,0,0,0,0,1,0,0,0,0,0,0,0
610,23.0,32198.0,3.0,1000.0,10.95,0.0,0.03,2,1,0,0,0,0,1,0,0,0,0,0,1,0,0,0,0,0,0
611,25.0,70000.0,5.0,20000.0,9.99,0.0,0.29,2,0,0,0,1,0,0,1,0,0,0,0,1,0,0,0,0,0,0
612,29.0,67704.0,3.0,15000.0,11.86,0.0,0.22,8,0,0,0,1,0,0,0,0,1,0,0,1,0,0,0,0,0,0
613,34.0,55000.0,7.0,9000.0,7.74,0.0,0.16,6,0,0,0,1,0,0,0,0,0,1,1,0,0,0,0,0,0,0
614,28.0,75500.0,12.0,3500.0,14.91,0.0,0.05,9,1,0,0,0,0,1,0,0,0,0,0,0,0,1,0,0,0,0
615,31.0,40000.0,1.0,8000.0,7.9,0.0,0.2,9,0,0,0,1,1,0,0,0,0,0,1,0,0,0,0,0,0,0
616,25.0,27600.0,2.0,7000.0,9.76,0.0,0.25,4,0,0,0,1,0,0,0,1,0,0,0,1,0,0,0,0,0,0
617,32.0,101000.0,12.0,8000.0,11.49,0.0,0.08,5,1,0,0,0,1,0,0,0,0,0,0,1,0,0,0,0,0,0
618,37.0,49500.0,0.0,10000.0,7.66,0.0,0.2,14,0,0,0,1,0,0,0,1,0,0,1,0,0,0,0,0,0,0
619,21.0,66000.0,4.0,7000.0,7.88,0.0,0.11,2,1,0,0,0,1,0,0,0,0,0,1,0,0,0,0,0,0,0
620,24.0,50000.0,8.0,5000.0,9.25,0.0,0.1,3,0,0,0,1,0,0,0,1,0,0,0,1,0,0,0,0,0,0
621,23.0,38000.0,5.0,5400.0,7.9,0.0,0.14,3,1,0,0,0,0,0,0,0,1,0,1,0,0,0,0,0,0,0
622,25.0,62500.0,2.0,12000.0,16.77,1.0,0.19,4,0,0,0,1,1,0,0,0,0,0,0,0,0,1,0,0,0,0
623,36.0,27000.0,4.0,6000.0,7.14,0.0,0.22,15,0,0,1,0,0,0,1,0,0,0,1,0,0,0,0,0,0,0
624,23.0,55000.0,7.0,6000.0,10.99,0.0,0.11,2,0,0,0,1,0,1,0,0,0,0,0,1,0,0,0,0,0,0
625,22.0,60000.0,5.0,8800.0,10.37,0.0,0.15,4,1,0,0,0,0,1,0,0,0,0,0,1,0,0,0,0,0,0
626,27.0,78000.0,3.0,12000.0,15.58,0.0,0.15,7,0,0,1,0,0,0,0,1,0,0,0,0,0,1,0,0,0,0
627,24.0,80000.0,8.0,5550.0,8.49,0.0,0.07,2,1,0,0,0,0,0,1,0,0,0,1,0,0,0,0,0,0,0
628,21.0,90000.0,2.0,3300.0,11.71,0.0,0.04,4,0,0,0,1,0,0,0,0,0,1,0,1,0,0,0,0,0,0
629,22.0,78000.0,3.0,16000.0,16.45,0.0,0.21,3,1,0,0,0,0,1,0,0,0,0,0,0,0,0,1,0,0,0
630,23.0,78000.0,2.0,25000.0,16.32,1.0,0.32,3,0,0,0,1,0,0,0,0,0,1,0,0,0,1,0,0,0,1
631,21.0,60000.0,5.0,10000.0,5.99,0.0,0.17,2,1,0,0,0,1,0,0,0,0,0,1,0,0,0,0,0,0,0
632,22.0,80000.0,0.0,10000.0,8.32,0.0,0.13,2,1,0,0,0,1,0,0,0,0,0,1,0,0,0,0,0,0,0
633,31.0,120000.0,6.0,28000.0,8.9,0.0,0.23,9,1,0,0,0,0,0,0,1,0,0,1,0,0,0,0,0,0,0
634,23.0,70000.0,3.0,15000.0,8.49,0.0,0.21,2,1,0,0,0,0,0,0,0,0,1,1,0,0,0,0,0,0,0
635,25.0,45000.0,5.0,10400.0,10.25,0.0,0.23,3,0,0,1,0,0,0,0,0,0,1,0,1,0,0,0,0,0,0
636,35.0,29568.0,6.0,6000.0,13.23,0.0,0.2,10,1,0,0,0,0,0,0,0,1,0,0,0,1,0,0,0,0,1
637,22.0,66000.0,6.0,5000.0,7.9,0.0,0.08,4,0,0,1,0,0,1,0,0,0,0,1,0,0,0,0,0,0,0
638,26.0,31000.0,5.0,4000.0,10.33,0.0,0.13,2,1,0,0,0,0,1,0,0,0,0,0,1,0,0,0,0,0,0
639,21.0,62316.0,5.0,10000.0,7.66,0.0,0.16,4,1,0,0,0,0,0,0,1,0,0,1,0,0,0,0,0,0,0
640,31.0,81600.0,0.0,4000.0,13.57,0.0,0.05,7,1,0,0,0,0,0,1,0,0,0,0,0,1,0,0,0,0,0
641,25.0,80000.0,9.0,6000.0,6.03,0.0,0.07,4,1,0,0,0,0,0,0,0,0,1,1,0,0,0,0,0,0,0
642,33.0,45000.0,2.0,8500.0,10.62,0.0,0.19,6,0,0,0,1,0,0,0,1,0,0,0,1,0,0,0,0,0,0
643,28.0,78000.0,4.0,24000.0,10.25,1.0,0.31,8,1,0,0,0,0,0,1,0,0,0,0,1,0,0,0,0,0,0
644,21.0,45000.0,3.0,9600.0,12.18,0.0,0.21,3,0,0,0,1,0,0,0,1,0,0,0,1,0,0,0,0,0,0
645,22.0,68250.0,4.0,6000.0,19.13,0.0,0.09,3,0,0,0,1,0,1,0,0,0,0,0,0,0,0,0,1,0,1
646,22.0,68000.0,7.0,15000.0,10.37,0.0,0.22,3,0,0,0,1,0,0,0,1,0,0,0,1,0,0,0,0,0,0
647,26.0,35000.0,0.0,6600.0,8.59,0.0,0.19,4,0,0,0,1,0,0,0,1,0,0,1,0,0,0,0,0,0,0
648,28.0,34000.0,1.0,3000.0,15.7,1.0,0.09,10,0,0,0,1,0,0,0,0,1,0,0,0,0,1,0,0,0,1
649,29.0,27996.0,5.0,1800.0,5.42,0.0,0.06,6,0,0,1,0,0,0,1,0,0,0,1,0,0,0,0,0,0,0
650,31.0,50402.0,4.0,3000.0,13.22,0.0,0.06,9,1,0,0,0,0,0,0,0,1,0,0,0,1,0,0,0,0,0
651,21.0,45192.0,0.0,11700.0,10.74,0.0,0.26,2,1,0,0,0,0,0,0,0,1,0,0,1,0,0,0,0,0,0
652,23.0,42000.0,2.0,3000.0,6.62,0.0,0.07,3,0,0,0,1,0,0,0,1,0,0,1,0,0,0,0,0,0,0
653,27.0,118000.0,1.0,13425.0,15.99,1.0,0.11,10,0,0,0,1,0,0,0,0,1,0,0,0,0,1,0,0,0,1
654,22.0,38272.0,6.0,4800.0,9.99,0.0,0.13,2,0,0,1,0,0,0,0,1,0,0,0,1,0,0,0,0,0,0
655,24.0,51600.0,8.0,3000.0,10.65,0.0,0.06,3,0,0,0,1,0,0,0,1,0,0,0,1,0,0,0,0,0,0
656,30.0,118000.0,5.0,10000.0,7.14,0.0,0.08,7,0,0,0,1,0,0,1,0,0,0,1,0,0,0,0,0,0,0
657,30.0,85000.0,2.0,25000.0,12.84,0.0,0.29,8,1,0,0,0,0,1,0,0,0,0,0,0,1,0,0,0,0,1
658,24.0,28000.0,6.0,10000.0,10.37,0.0,0.36,2,0,0,1,0,0,0,1,0,0,0,0,1,0,0,0,0,0,0
659,41.0,92000.0,5.0,8000.0,9.63,0.0,0.09,13,1,0,0,0,0,0,1,0,0,0,0,1,0,0,0,0,0,0
660,41.0,100000.0,3.0,12000.0,10.74,0.0,0.12,12,0,0,0,1,0,0,0,0,0,1,0,1,0,0,0,0,0,0
661,30.0,55000.0,1.0,6500.0,10.99,0.0,0.12,9,1,0,0,0,0,0,0,0,1,0,0,1,0,0,0,0,0,0
662,25.0,44400.0,9.0,6000.0,6.03,0.0,0.14,2,1,0,0,0,1,0,0,0,0,0,1,0,0,0,0,0,0,0
663,36.0,54996.0,4.0,10000.0,13.47,0.0,0.18,13,0,0,0,1,0,0,0,1,0,0,0,0,1,0,0,0,0,0
664,24.0,133000.0,5.0,17400.0,11.71,0.0,0.13,4,0,0,0,1,0,1,0,0,0,0,0,1,0,0,0,0,0,0
665,28.0,29000.0,6.0,13000.0,14.26,1.0,0.45,8,0,0,0,1,0,1,0,0,0,0,0,0,1,0,0,0,0,1
666,37.0,59000.0,2.0,4800.0,14.54,1.0,0.08,14,0,0,0,1,0,1,0,0,0,0,0,0,0,1,0,0,0,1
667,30.0,138000.0,3.0,23975.0,17.93,1.0,0.17,7,1,0,0,0,0,1,0,0,0,0,0,0,0,0,1,0,0,0
668,29.0,83500.0,1.0,15000.0,13.43,0.0,0.18,10,0,0,0,1,0,0,1,0,0,0,0,0,1,0,0,0,0,1
669,29.0,20400.0,2.0,2000.0,13.49,0.0,0.1,8,0,0,0,1,0,0,0,1,0,0,0,0,1,0,0,0,0,0
670,24.0,220000.0,1.0,25000.0,11.58,0.0,0.11,2,1,0,0,0,0,1,0,0,0,0,0,1,0,0,0,0,0,0
671,36.0,107004.0,3.0,13000.0,11.83,0.0,0.12,15,1,0,0,0,0,0,1,0,0,0,0,1,0,0,0,0,0,0
672,32.0,36000.0,0.0,4900.0,13.22,0.0,0.14,10,0,0,1,0,0,0,0,1,0,0,0,0,1,0,0,0,0,0
673,23.0,44000.0,7.0,10000.0,8.49,1.0,0.23,4,1,0,0,0,0,0,0,0,1,0,1,0,0,0,0,0,0,0
674,31.0,18000.0,6.0,4000.0,12.84,1.0,0.22,5,0,0,0,1,0,1,0,0,0,0,0,0,1,0,0,0,0,0
675,29.0,29000.0,3.0,5000.0,15.23,0.0,0.17,7,0,0,0,1,0,0,0,0,0,1,0,0,1,0,0,0,0,1
676,58.0,100000.0,6.0,12000.0,8.9,0.0,0.12,30,0,0,0,1,0,1,0,0,0,0,1,0,0,0,0,0,0,0
677,26.0,75000.0,5.0,20000.0,6.91,0.0,0.27,4,0,0,0,1,0,0,0,1,0,0,1,0,0,0,0,0,0,0
678,28.0,58000.0,5.0,19000.0,14.09,1.0,0.33,8,0,0,0,1,0,0,1,0,0,0,0,0,0,1,0,0,0,0
679,29.0,40000.0,1.0,3600.0,8.59,0.0,0.09,5,0,0,0,1,1,0,0,0,0,0,1,0,0,0,0,0,0,0
680,34.0,60000.0,14.0,10000.0,13.57,0.0,0.17,6,0,0,0,1,0,0,1,0,0,0,0,0,1,0,0,0,0,0
681,31.0,67000.0,2.0,3000.0,7.51,0.0,0.04,10,0,0,0,1,0,0,0,0,0,1,1,0,0,0,0,0,0,0
682,24.0,40000.0,8.0,4500.0,12.84,0.0,0.11,3,0,0,0,1,0,0,0,1,0,0,0,0,1,0,0,0,0,0
683,22.0,73000.0,3.0,17000.0,11.99,0.0,0.23,3,1,0,0,0,0,0,0,1,0,0,0,1,0,0,0,0,0,0
684,25.0,61000.0,4.0,9500.0,7.51,0.0,0.16,2,0,0,0,1,0,0,0,0,0,1,1,0,0,0,0,0,0,0
685,22.0,32000.0,2.0,10000.0,13.22,1.0,0.31,3,0,0,0,1,0,0,0,0,0,1,0,0,1,0,0,0,0,0
686,23.0,40000.0,0.0,15000.0,8.94,1.0,0.38,4,0,0,0,1,0,0,0,0,0,1,1,0,0,0,0,0,0,0
687,21.0,24996.0,3.0,7000.0,15.58,0.0,0.28,2,0,0,1,0,0,1,0,0,0,0,0,0,0,1,0,0,0,0
688,33.0,70000.0,18.0,18000.0,11.89,0.0,0.26,9,0,0,0,1,0,1,0,0,0,0,0,1,0,0,0,0,0,0
689,32.0,202300.0,9.0,25000.0,14.59,1.0,0.11,7,1,0,0,0,0,0,0,1,0,0,0,0,0,1,0,0,0,0
690,26.0,147996.0,10.0,7500.0,8.0,0.0,0.05,3,1,0,0,0,1,0,0,0,0,0,1,0,0,0,0,0,0,0
691,24.0,32000.0,2.0,2000.0,10.59,1.0,0.06,3,0,0,0,1,0,1,0,0,0,0,0,1,0,0,0,0,0,0
692,22.0,28000.0,0.0,6975.0,12.29,0.0,0.25,4,0,0,0,1,0,1,0,0,0,0,0,0,1,0,0,0,0,0
693,21.0,36500.0,2.0,5500.0,7.51,0.0,0.15,2,0,0,0,1,0,0,0,0,0,1,1,0,0,0,0,0,0,0
694,23.0,75000.0,4.0,16800.0,13.47,0.0,0.22,4,1,0,0,0,0,0,0,1,0,0,0,0,1,0,0,0,0,0
695,27.0,39000.0,0.0,8000.0,11.03,0.0,0.21,9,0,0,0,1,0,1,0,0,0,0,0,0,1,0,0,0,0,0
696,24.0,110000.0,8.0,16000.0,12.73,0.0,0.15,4,0,0,1,0,0,0,0,0,0,1,0,0,1,0,0,0,0,0
697,32.0,39500.0,12.0,20000.0,13.11,1.0,0.51,5,0,0,0,1,1,0,0,0,0,0,0,0,1,0,0,0,0,0
698,29.0,153000.0,13.0,3000.0,10.74,0.0,0.02,8,0,0,1,0,0,0,0,0,0,1,0,1,0,0,0,0,0,0
699,21.0,30000.0,5.0,2000.0,13.43,0.0,0.07,4,0,0,0,1,0,1,0,0,0,0,0,0,1,0,0,0,0,0
700,35.0,52500.0,3.0,12000.0,10.36,0.0,0.23,8,0,0,0,1,0,0,1,0,0,0,0,1,0,0,0,0,0,0
701,23.0,56000.0,7.0,4000.0,15.23,0.0,0.07,4,0,0,0,1,0,0,0,0,0,1,0,0,1,0,0,0,0,1
702,24.0,86400.0,5.0,2800.0,14.65,0.0,0.03,4,0,0,0,1,1,0,0,0,0,0,0,0,1,0,0,0,0,1
703,28.0,225000.0,11.0,9000.0,16.95,1.0,0.04,8,1,0,0,0,0,1,0,0,0,0,0,0,0,0,1,0,0,1
704,23.0,68000.0,1.0,14400.0,17.99,1.0,0.21,2,0,0,0,1,0,0,0,0,0,1,0,0,0,0,1,0,0,0
705,21.0,24996.0,2.0,5000.0,16.45,1.0,0.2,4,0,0,0,1,0,1,0,0,0,0,0,0,0,0,1,0,0,0
706,32.0,58000.0,3.0,10000.0,10.96,0.0,0.17,10,0,0,0,1,0,0,0,1,0,0,0,1,0,0,0,0,0,0
707,50.0,150000.0,3.0,14000.0,6.91,0.0,0.09,12,0,0,0,1,1,0,0,0,0,0,1,0,0,0,0,0,0,0
708,38.0,48000.0,23.0,9000.0,15.21,1.0,0.19,15,1,0,0,0,0,0,0,1,0,0,0,0,0,1,0,0,0,1
709,25.0,101000.0,9.0,17000.0,11.71,0.0,0.17,3,1,0,0,0,0,1,0,0,0,0,0,1,0,0,0,0,0,0
710,33.0,42996.0,2.0,8200.0,7.88,0.0,0.19,9,0,0,0,1,0,0,0,0,0,1,1,0,0,0,0,0,0,0
711,30.0,130500.0,1.0,25000.0,15.33,1.0,0.19,6,1,0,0,0,1,0,0,0,0,0,0,0,0,1,0,0,0,0
712,44.0,66000.0,13.0,5000.0,13.48,0.0,0.08,11,1,0,0,0,0,0,0,0,1,0,0,0,1,0,0,0,0,1
713,28.0,50004.0,9.0,8000.0,15.23,0.0,0.16,9,0,0,0,1,0,0,1,0,0,0,0,0,1,0,0,0,0,1
714,28.0,225000.0,12.0,20000.0,7.88,0.0,0.09,9,1,0,0,0,0,0,0,0,1,0,1,0,0,0,0,0,0,0
715,37.0,85000.0,3.0,10000.0,14.27,0.0,0.12,14,0,0,0,1,0,1,0,0,0,0,0,0,1,0,0,0,0,0
716,29.0,25000.0,5.0,7475.0,8.49,0.0,0.3,6,1,0,0,0,1,0,0,0,0,0,1,0,0,0,0,0,0,0
717,21.0,19800.0,4.0,6800.0,14.59,1.0,0.34,2,0,0,1,0,0,0,1,0,0,0,0,0,0,1,0,0,0,0
718,31.0,31600.0,4.0,7500.0,11.36,0.0,0.24,10,1,0,0,0,0,0,0,1,0,0,0,1,0,0,0,0,0,0
719,25.0,90000.0,7.0,6000.0,7.14,0.0,0.07,3,1,0,0,0,1,0,0,0,0,0,1,0,0,0,0,0,0,0
720,22.0,70000.0,6.0,29100.0,15.99,1.0,0.42,3,0,0,0,1,0,1,0,0,0,0,0,0,0,1,0,0,0,0
721,23.0,46744.0,4.0,8800.0,14.96,0.0,0.19,3,0,0,0,1,0,1,0,0,0,0,0,0,0,1,0,0,0,1
722,27.0,38004.0,0.0,12000.0,16.77,1.0,0.32,6,1,0,0,0,1,0,0,0,0,0,0,0,0,1,0,0,0,0
723,24.0,65000.0,7.0,14000.0,15.31,0.0,0.22,4,1,0,0,0,0,0,0,0,0,1,0,0,0,1,0,0,0,1
724,28.0,120000.0,12.0,10000.0,5.42,0.0,0.08,6,1,0,0,0,0,1,0,0,0,0,1,0,0,0,0,0,0,0
725,24.0,48000.0,4.0,5000.0,5.99,0.0,0.1,2,1,0,0,0,0,1,0,0,0,0,1,0,0,0,0,0,0,0
726,28.0,62496.0,4.0,12000.0,6.91,0.0,0.19,5,0,0,0,1,0,1,0,0,0,0,1,0,0,0,0,0,0,0
727,47.0,70000.0,2.0,9000.0,12.87,0.0,0.13,14,0,0,0,1,0,1,0,0,0,0,0,0,1,0,0,0,0,0
728,21.0,50000.0,5.0,8075.0,6.17,0.0,0.16,2,0,0,0,1,1,0,0,0,0,0,1,0,0,0,0,0,0,0
729,31.0,88000.0,11.0,14000.0,17.58,0.0,0.16,7,1,0,0,0,0,0,0,0,0,1,0,0,0,1,0,0,0,0
730,30.0,24000.0,5.0,5500.0,13.23,0.0,0.23,8,0,0,0,1,0,0,0,1,0,0,0,0,1,0,0,0,0,1
731,25.0,72500.0,2.0,9000.0,10.59,0.0,0.12,2,0,0,0,1,0,0,1,0,0,0,0,1,0,0,0,0,0,0
732,22.0,30000.0,6.0,6000.0,7.49,0.0,0.2,3,0,0,1,0,0,0,0,0,0,1,1,0,0,0,0,0,0,0
733,29.0,83000.0,13.0,7500.0,8.9,0.0,0.09,6,1,0,0,0,1,0,0,0,0,0,1,0,0,0,0,0,0,0
734,25.0,50950.0,5.0,20000.0,11.48,1.0,0.39,3,0,0,0,1,0,0,1,0,0,0,0,1,0,0,0,0,0,0
735,26.0,46800.0,0.0,12500.0,11.86,0.0,0.27,3,0,0,0,1,0,1,0,0,0,0,0,1,0,0,0,0,0,0
736,35.0,140000.0,3.0,25000.0,12.21,0.0,0.18,10,1,0,0,0,0,0,0,1,0,0,0,1,0,0,0,0,0,0
737,31.0,35000.0,0.0,15000.0,13.92,0.0,0.43,8,1,0,0,0,0,0,0,1,0,0,0,0,1,0,0,0,0,1
738,29.0,46000.0,13.0,4800.0,11.86,1.0,0.1,9,1,0,0,0,0,0,1,0,0,0,0,1,0,0,0,0,0,0
739,39.0,90000.0,15.0,10500.0,7.66,0.0,0.12,12,1,0,0,0,0,0,0,0,0,1,1,0,0,0,0,0,0,0
740,25.0,36480.0,4.0,5000.0,6.54,0.0,0.14,2,0,0,0,1,1,0,0,0,0,0,1,0,0,0,0,0,0,0
741,30.0,14800.0,5.0,1200.0,8.0,0.0,0.08,9,0,0,0,1,1,0,0,0,0,0,1,0,0,0,0,0,0,0
742,30.0,20800.0,0.0,7250.0,8.0,1.0,0.35,10,0,0,0,1,0,0,0,1,0,0,1,0,0,0,0,0,0,0
743,23.0,32004.0,0.0,9250.0,17.19,0.0,0.29,4,0,0,1,0,0,1,0,0,0,0,0,0,0,0,1,0,0,0
744,41.0,52000.0,25.0,1500.0,8.32,0.0,0.03,14,1,0,0,0,1,0,0,0,0,0,1,0,0,0,0,0,0,0
745,33.0,75000.0,6.0,12000.0,5.42,0.0,0.16,10,1,0,0,0,0,0,0,0,1,0,1,0,0,0,0,0,0,0
746,39.0,56100.0,23.0,8000.0,16.07,1.0,0.12,14,1,0,0,0,0,0,0,1,0,0,0,0,0,1,0,0,0,0
747,23.0,30000.0,4.0,8000.0,12.18,0.0,0.27,2,0,0,0,1,0,0,0,1,0,0,0,1,0,0,0,0,0,0
748,30.0,70000.0,6.0,5000.0,11.71,0.0,0.07,5,0,0,0,1,0,0,0,0,1,0,0,1,0,0,0,0,0,0
749,25.0,28000.0,8.0,2400.0,11.49,0.0,0.09,3,0,0,0,1,0,1,0,0,0,0,0,1,0,0,0,0,0,0
750,22.0,78000.0,3.0,12000.0,6.54,0.0,0.15,3,1,0,0,0,0,1,0,0,0,0,1,0,0,0,0,0,0,0
751,25.0,84000.0,4.0,15000.0,7.88,0.0,0.18,4,1,0,0,0,1,0,0,0,0,0,1,0,0,0,0,0,0,0
752,22.0,24000.0,2.0,3975.0,13.87,0.0,0.17,3,1,0,0,0,0,1,0,0,0,0,0,0,0,1,0,0,0,0
753,40.0,23004.0,2.0,7750.0,7.88,0.0,0.34,16,0,0,1,0,0,0,0,1,0,0,1,0,0,0,0,0,0,0
754,25.0,49000.0,1.0,12000.0,13.49,1.0,0.24,4,0,0,0,1,0,0,0,0,1,0,0,0,0,1,0,0,0,0
755,27.0,16800.0,3.0,6500.0,11.99,1.0,0.39,8,0,0,0,1,1,0,0,0,0,0,0,1,0,0,0,0,0,0
756,32.0,29000.0,0.0,2000.0,8.49,0.0,0.07,8,0,0,1,0,0,0,0,0,1,0,1,0,0,0,0,0,0,0
757,27.0,65000.0,7.0,4500.0,13.92,0.0,0.07,7,1,0,0,0,0,0,1,0,0,0,0,0,1,0,0,0,0,0
758,22.0,66396.0,6.0,15000.0,13.48,0.0,0.23,2,1,0,0,0,0,1,0,0,0,0,0,0,1,0,0,0,0,0
759,23.0,60000.0,6.0,7000.0,12.99,0.0,0.12,4,1,0,0,0,1,0,0,0,0,0,0,0,1,0,0,0,0,0
760,25.0,45000.0,2.0,11000.0,9.25,0.0,0.24,2,0,0,0,1,1,0,0,0,0,0,0,1,0,0,0,0,0,0
761,52.0,54000.0,0.0,1500.0,8.49,1.0,0.03,24,0,0,0,1,0,0,0,0,1,0,1,0,0,0,0,0,0,0
762,24.0,115000.0,3.0,15000.0,6.03,0.0,0.13,2,1,0,0,0,0,0,0,0,0,1,1,0,0,0,0,0,0,0
763,27.0,48000.0,4.0,4200.0,10.74,0.0,0.09,5,0,0,0,1,1,0,0,0,0,0,0,1,0,0,0,0,0,0
764,24.0,86400.0,2.0,12200.0,7.29,0.0,0.14,3,1,0,0,0,1,0,0,0,0,0,1,0,0,0,0,0,0,0
765,25.0,45000.0,0.0,14500.0,13.16,1.0,0.32,2,0,0,0,1,0,0,0,0,1,0,0,0,1,0,0,0,0,0
766,23.0,61000.0,3.0,2500.0,7.49,0.0,0.04,3,0,0,0,1,1,0,0,0,0,0,1,0,0,0,0,0,0,0
767,32.0,202000.0,7.0,28000.0,10.59,0.0,0.14,7,1,0,0,0,0,0,0,0,1,0,0,1,0,0,0,0,0,0
768,25.0,42000.0,5.0,6000.0,12.42,0.0,0.14,2,0,0,0,1,0,0,0,1,0,0,0,1,0,0,0,0,0,0
769,22.0,34404.0,2.0,7500.0,15.05,1.0,0.22,2,0,0,0,1,0,0,1,0,0,0,0,0,0,1,0,0,0,0
770,26.0,65000.0,4.0,8000.0,6.92,0.0,0.12,4,0,0,0,1,0,0,0,0,1,0,1,0,0,0,0,0,0,0
771,24.0,62000.0,4.0,2000.0,13.49,0.0,0.03,3,0,0,0,1,0,1,0,0,0,0,0,0,1,0,0,0,0,0
772,28.0,62040.0,0.0,13400.0,13.06,0.0,0.22,6,0,0,0,1,0,0,0,0,1,0,0,0,1,0,0,0,0,1
773,33.0,52000.0,1.0,12000.0,13.85,0.0,0.23,5,1,0,0,0,0,1,0,0,0,0,0,0,1,0,0,0,0,0
774,22.0,33000.0,4.0,6500.0,6.17,0.0,0.2,4,0,0,0,1,0,0,0,1,0,0,1,0,0,0,0,0,0,0
775,24.0,54000.0,8.0,1500.0,14.42,1.0,0.03,4,1,0,0,0,0,0,0,0,1,0,0,0,0,1,0,0,0,1
776,26.0,200000.0,4.0,15000.0,14.79,0.0,0.07,4,1,0,0,0,0,0,0,1,0,0,0,0,1,0,0,0,0,0
777,25.0,51300.0,9.0,3600.0,7.49,0.0,0.07,3,0,0,0,1,1,0,0,0,0,0,1,0,0,0,0,0,0,0
778,29.0,48000.0,8.0,4500.0,5.42,0.0,0.09,7,1,0,0,0,0,0,0,1,0,0,1,0,0,0,0,0,0,0
779,26.0,84000.0,0.0,8000.0,12.61,1.0,0.1,4,0,0,0,1,0,0,1,0,0,0,0,0,1,0,0,0,0,0
780,21.0,53000.0,5.0,18000.0,13.8,0.0,0.34,3,1,0,0,0,0,0,0,0,0,1,0,0,1,0,0,0,0,1
781,28.0,52000.0,10.0,13600.0,7.88,0.0,0.26,5,1,0,0,0,1,0,0,0,0,0,1,0,0,0,0,0,0,0
782,22.0,42996.0,7.0,12000.0,13.79,1.0,0.28,4,1,0,0,0,0,0,1,0,0,0,0,0,1,0,0,0,0,0
783,22.0,30000.0,4.0,13250.0,16.4,1.0,0.44,3,0,0,0,1,1,0,0,0,0,0,0,0,0,0,1,0,0,1
784,26.0,40224.0,0.0,7000.0,7.4,0.0,0.17,2,1,0,0,0,0,0,0,0,1,0,1,0,0,0,0,0,0,0
785,25.0,19000.0,3.0,4000.0,7.4,1.0,0.21,3,0,0,1,0,1,0,0,0,0,0,1,0,0,0,0,0,0,0
786,24.0,60000.0,7.0,20000.0,7.9,0.0,0.33,4,1,0,0,0,0,0,0,1,0,0,1,0,0,0,0,0,0,0
787,28.0,54000.0,1.0,6250.0,9.99,0.0,0.12,6,1,0,0,0,0,0,0,0,0,1,0,1,0,0,0,0,0,0
788,40.0,81120.0,1.0,24000.0,9.25,0.0,0.3,15,1,0,0,0,0,1,0,0,0,0,0,1,0,0,0,0,0,0
789,22.0,21600.0,5.0,5000.0,7.9,0.0,0.23,3,0,0,1,0,0,0,0,0,1,0,1,0,0,0,0,0,0,0
790,36.0,33600.0,3.0,12000.0,11.36,1.0,0.36,16,0,0,0,1,0,1,0,0,0,0,0,1,0,0,0,0,0,0
791,25.0,27500.0,4.0,2200.0,12.53,0.0,0.08,4,0,0,0,1,0,0,0,1,0,0,0,1,0,0,0,0,0,0
792,25.0,33600.0,2.0,10000.0,11.03,0.0,0.3,4,0,0,0,1,0,0,0,1,0,0,0,0,1,0,0,0,0,1
793,24.0,53000.0,8.0,6850.0,6.92,0.0,0.13,2,1,0,0,0,0,0,0,0,0,1,1,0,0,0,0,0,0,0
794,34.0,70000.0,13.0,20000.0,6.54,0.0,0.29,6,1,0,0,0,1,0,0,0,0,0,1,0,0,0,0,0,0,0
795,25.0,128500.0,1.0,15000.0,12.53,0.0,0.12,3,1,0,0,0,0,0,1,0,0,0,0,0,1,0,0,0,0,1
796,26.0,300000.0,0.0,25000.0,15.33,0.0,0.08,3,1,0,0,0,0,1,0,0,0,0,0,0,0,1,0,0,0,0
797,22.0,39000.0,6.0,6000.0,13.22,1.0,0.15,2,0,0,0,1,0,0,1,0,0,0,0,0,1,0,0,0,0,1
798,27.0,22896.0,1.0,5000.0,11.48,0.0,0.22,8,0,0,1,0,0,0,0,1,0,0,0,1,0,0,0,0,0,0
799,25.0,27048.0,9.0,8000.0,15.05,1.0,0.3,2,0,1,0,0,0,0,0,1,0,0,0,0,0,1,0,0,0,1
800,22.0,24960.0,0.0,2500.0,7.51,0.0,0.1,4,0,0,0,1,0,1,0,0,0,0,1,0,0,0,0,0,0,0
801,26.0,32500.0,0.0,3500.0,8.59,0.0,0.11,2,1,0,0,0,0,0,1,0,0,0,1,0,0,0,0,0,0,0
802,24.0,39000.0,0.0,3000.0,14.61,1.0,0.08,4,0,0,0,1,0,0,0,1,0,0,0,0,0,1,0,0,0,1
803,22.0,56400.0,2.0,9500.0,8.9,0.0,0.17,2,0,0,0,1,0,1,0,0,0,0,1,0,0,0,0,0,0,0
804,26.0,38004.0,3.0,10000.0,13.35,0.0,0.26,2,1,0,0,0,0,0,0,0,0,1,0,0,1,0,0,0,0,0
805,21.0,83000.0,3.0,14000.0,8.49,0.0,0.17,2,1,0,0,0,0,0,0,0,0,1,1,0,0,0,0,0,0,0
806,29.0,33000.0,5.0,4200.0,11.36,0.0,0.13,9,1,0,0,0,0,0,0,0,0,1,0,1,0,0,0,0,0,0
807,28.0,93600.0,1.0,5600.0,11.99,0.0,0.06,10,0,0,0,1,0,0,1,0,0,0,0,1,0,0,0,0,0,0
808,28.0,62000.0,4.0,7200.0,12.99,0.0,0.12,9,0,0,0,1,0,0,0,0,1,0,0,0,1,0,0,0,0,1
809,31.0,46000.0,5.0,8000.0,13.49,1.0,0.17,5,1,0,0,0,0,1,0,0,0,0,0,0,1,0,0,0,0,1
810,28.0,48000.0,2.0,4600.0,11.86,0.0,0.1,8,0,0,0,1,0,0,0,0,0,1,0,1,0,0,0,0,0,0
811,26.0,62004.0,5.0,19000.0,7.49,1.0,0.31,2,0,0,0,1,0,0,0,1,0,0,1,0,0,0,0,0,0,0
812,27.0,93000.0,5.0,16000.0,13.57,0.0,0.17,10,1,0,0,0,1,0,0,0,0,0,0,0,1,0,0,0,0,1
813,21.0,41900.0,2.0,16000.0,12.84,1.0,0.38,2,0,0,0,1,0,0,0,0,0,1,0,0,1,0,0,0,0,1
814,47.0,168000.0,13.0,8775.0,8.49,0.0,0.05,12,1,0,0,0,0,1,0,0,0,0,1,0,0,0,0,0,0,0
815,29.0,84996.0,13.0,6000.0,7.68,0.0,0.07,8,1,0,0,0,1,0,0,0,0,0,1,0,0,0,0,0,0,0
816,25.0,127000.0,9.0,6000.0,9.91,0.0,0.05,2,1,0,0,0,0,0,0,0,1,0,0,1,0,0,0,0,0,0
817,40.0,110000.0,6.0,13000.0,9.91,0.0,0.12,17,0,0,0,1,0,0,1,0,0,0,0,1,0,0,0,0,0,0
818,24.0,24000.0,0.0,4000.0,12.21,0.0,0.17,2,0,0,0,1,0,0,0,0,0,1,0,1,0,0,0,0,0,0
819,38.0,17108.0,7.0,4375.0,7.51,1.0,0.26,13,1,0,0,0,0,1,0,0,0,0,1,0,0,0,0,0,0,0
820,22.0,49000.0,6.0,10000.0,8.0,1.0,0.2,2,1,0,0,0,0,1,0,0,0,0,1,0,0,0,0,0,0,0
821,26.0,75000.0,1.0,10000.0,11.14,0.0,0.13,3,0,0,0,1,0,0,1,0,0,0,0,1,0,0,0,0,0,0
822,23.0,100000.0,4.0,4150.0,10.65,0.0,0.04,2,0,0,0,1,0,0,0,0,0,1,0,1,0,0,0,0,0,0
823,33.0,53000.0,6.0,2500.0,9.99,0.0,0.05,7,0,0,0,1,1,0,0,0,0,0,0,1,0,0,0,0,0,0
824,32.0,200000.0,14.0,25000.0,10.62,0.0,0.13,9,0,0,0,1,0,0,0,0,0,1,0,1,0,0,0,0,0,0
825,24.0,48000.0,4.0,4000.0,5.42,0.0,0.08,4,1,0,0,0,0,0,0,1,0,0,1,0,0,0,0,0,0,0
826,28.0,90000.0,5.0,25000.0,11.86,0.0,0.28,6,1,0,0,0,0,0,0,0,0,1,0,1,0,0,0,0,0,0
827,27.0,31200.0,3.0,3600.0,11.48,0.0,0.12,7,1,0,0,0,0,0,0,0,1,0,0,1,0,0,0,0,0,0
828,22.0,97000.0,4.0,14000.0,11.48,1.0,0.14,2,1,0,0,0,1,0,0,0,0,0,0,1,0,0,0,0,0,0
829,29.0,105000.0,11.0,15000.0,14.42,0.0,0.14,5,1,0,0,0,0,0,1,0,0,0,0,0,0,1,0,0,0,1
830,33.0,125000.0,0.0,9100.0,7.88,0.0,0.07,8,0,0,0,1,0,0,0,0,1,0,1,0,0,0,0,0,0,0
831,33.0,95000.0,1.0,24000.0,12.92,0.0,0.25,5,1,0,0,0,0,1,0,0,0,0,0,0,0,1,0,0,0,1
832,27.0,18000.0,3.0,8000.0,10.75,1.0,0.44,10,0,0,0,1,0,1,0,0,0,0,0,1,0,0,0,0,0,0
833,33.0,51000.0,2.0,1200.0,9.63,1.0,0.02,7,1,0,0,0,0,1,0,0,0,0,1,0,0,0,0,0,0,0
834,23.0,75000.0,2.0,8000.0,7.9,0.0,0.11,4,0,0,0,1,0,0,0,1,0,0,1,0,0,0,0,0,0,0
835,37.0,51000.0,3.0,12800.0,12.84,0.0,0.25,12,1,0,0,0,1,0,0,0,0,0,0,0,1,0,0,0,0,0
